,Start,Stop,Pearson,hourly-position,hourly-velocity,expected-arrival
0,2022-12-23 22:31:00,2022-12-23 23:30:00,0.5690441817906088,280645.06501694914,-582.0593220338983,8
1,2022-12-23 22:32:00,2022-12-23 23:31:00,0.5612359909740507,280609.0357627118,-582.1254237288134,8
2,2022-12-23 22:33:00,2022-12-23 23:32:00,0.5625490370858431,280601.0375423729,-581.5932203389831,8
3,2022-12-23 22:34:00,2022-12-23 23:33:00,0.5625527870715611,280575.66364406777,-581.3779661016949,8
4,2022-12-23 22:35:00,2022-12-23 23:34:00,0.5615381317249706,280553.45652542374,-581.1627118644069,8
5,2022-12-23 22:36:00,2022-12-23 23:35:00,0.5521973094042985,280505.2255084746,-580.5033898305086,8
6,2022-12-23 22:37:00,2022-12-23 23:36:00,0.5661108348370005,280497.997118644,-579.8440677966104,8
7,2022-12-23 22:38:00,2022-12-23 23:37:00,0.554509227218744,280469.07135593216,-579.477966101695,8
8,2022-12-23 22:39:00,2022-12-23 23:38:00,0.5589728787052767,280396.8259999999,-579.1101694915254,8
9,2022-12-23 22:40:00,2022-12-23 23:39:00,0.5653459778227855,280366.66447457625,-578.6762711864407,8
10,2022-12-23 22:41:00,2022-12-23 23:40:00,0.5638641260826396,280310.48023728817,-578.3881355932203,8
11,2022-12-23 22:42:00,2022-12-23 23:41:00,0.5519640629790937,280275.84084745764,-578.6237288135594,8
12,2022-12-23 22:43:00,2022-12-23 23:42:00,0.5325040119938648,280257.33966101706,-578.5610169491525,8
13,2022-12-23 22:44:00,2022-12-23 23:43:00,0.5217666766429402,280237.6801694915,-578.2915254237288,8
14,2022-12-23 22:45:00,2022-12-23 23:44:00,0.5065851798816163,280196.32177966094,-578.3762711864406,8
15,2022-12-23 22:46:00,2022-12-23 23:45:00,0.5081126406193269,280206.778559322,-577.942372881356,8
16,2022-12-23 22:47:00,2022-12-23 23:46:00,0.48863907696794334,280105.8123728814,-577.3237288135595,8
17,2022-12-23 22:48:00,2022-12-23 23:47:00,0.44182025850188805,280056.6581355933,-576.6203389830509,8
18,2022-12-23 22:49:00,2022-12-23 23:48:00,0.45140398021837674,279949.05093220336,-576.2694915254237,8
19,2022-12-23 22:50:00,2022-12-23 23:49:00,0.48720538307803435,279939.7440508475,-576.0728813559322,8
20,2022-12-23 22:51:00,2022-12-23 23:50:00,0.48195223310642155,279930.36059322034,-576.7322033898304,8
21,2022-12-23 22:52:00,2022-12-23 23:51:00,0.46524651929757077,279875.4965254237,-577.2457627118642,8
22,2022-12-23 22:53:00,2022-12-23 23:52:00,0.4742785898614739,279860.5546610169,-577.7593220338982,8
23,2022-12-23 22:54:00,2022-12-23 23:53:00,0.48997978057203273,279824.9988305084,-577.5847457627117,8
24,2022-12-23 22:55:00,2022-12-23 23:54:00,0.4947058001497913,279853.1477118643,-577.5762711864406,8
25,2022-12-23 22:56:00,2022-12-23 23:55:00,0.470655481861421,279800.141440678,-577.7016949152544,8
26,2022-12-23 22:57:00,2022-12-23 23:56:00,0.4707968088117061,279819.4903220339,-578.313559322034,8
27,2022-12-23 22:58:00,2022-12-23 23:57:00,0.48404707970852484,279807.4133728813,-578.957627118644,8
28,2022-12-23 22:59:00,2022-12-23 23:58:00,0.49391763996396626,279860.12481355935,-579.6101694915253,8
29,2022-12-23 23:00:00,2022-12-23 23:59:00,0.47947952365152585,279828.43871186435,-580.4508474576271,8
30,2022-12-23 23:01:00,2022-12-24 00:00:00,0.474348971267937,279863.70176271186,-581.2915254237289,8
31,2022-12-23 23:02:00,2022-12-24 00:01:00,0.46425251065235945,279815.64796610165,-582.1322033898307,8
32,2022-12-23 23:03:00,2022-12-24 00:02:00,0.45697948103433894,279829.1391525424,-582.9728813559324,8
33,2022-12-23 23:04:00,2022-12-24 00:03:00,0.44524556777587937,279803.6377966102,-583.813559322034,7
34,2022-12-23 23:05:00,2022-12-24 00:04:00,0.4337652437063503,279786.7101694916,-584.6542372881357,7
35,2022-12-23 23:06:00,2022-12-24 00:05:00,0.435387495419733,279777.27474576276,-584.605084745763,7
36,2022-12-23 23:07:00,2022-12-24 00:06:00,0.4200088461883851,279823.9776271186,-584.8525423728814,7
37,2022-12-23 23:08:00,2022-12-24 00:07:00,0.40726673762149684,279882.49983050843,-585.4847457627119,7
38,2022-12-23 23:09:00,2022-12-24 00:08:00,0.3700545479295404,279923.6491525424,-586.2203389830507,7
39,2022-12-23 23:10:00,2022-12-24 00:09:00,0.3276507380836182,279948.5087288135,-586.9661016949151,7
40,2022-12-23 23:11:00,2022-12-24 00:10:00,0.335709783336388,279967.88745762716,-587.7118644067796,7
41,2022-12-23 23:12:00,2022-12-24 00:11:00,0.3285231384315632,279982.8688983051,-588.4576271186438,7
42,2022-12-23 23:13:00,2022-12-24 00:12:00,0.3321225080188817,279984.8041525424,-589.2033898305082,7
43,2022-12-23 23:14:00,2022-12-24 00:13:00,0.33931688900479373,279979.0968644067,-589.9491525423726,7
44,2022-12-23 23:15:00,2022-12-24 00:14:00,0.3331857094118943,279986.288220339,-590.694915254237,7
45,2022-12-23 23:16:00,2022-12-24 00:15:00,0.3406295681870408,279966.37957627105,-591.4406779661015,7
46,2022-12-23 23:17:00,2022-12-24 00:16:00,0.34473402410441634,279970.1790677966,-592.137288135593,7
47,2022-12-23 23:18:00,2022-12-24 00:17:00,0.36219006826405475,279959.85144067794,-592.8338983050845,7
48,2022-12-23 23:19:00,2022-12-24 00:18:00,0.36328347887834794,279914.8560169491,-593.5305084745761,7
49,2022-12-23 23:20:00,2022-12-24 00:19:00,0.36259144821701744,279883.84101694915,-594.2271186440677,7
50,2022-12-23 23:21:00,2022-12-24 00:20:00,0.37341290729431975,279822.4822881356,-594.9999999999998,7
51,2022-12-23 23:22:00,2022-12-24 00:21:00,0.37087120413380054,279779.4273728814,-595.7728813559321,7
52,2022-12-23 23:23:00,2022-12-24 00:22:00,0.36918880674282867,279739.54228813556,-595.8677966101693,7
53,2022-12-23 23:24:00,2022-12-24 00:23:00,0.348588794381626,279657.42296610173,-595.9627118644066,7
54,2022-12-23 23:25:00,2022-12-24 00:24:00,0.34253122120648044,279580.63644067803,-596.057627118644,7
55,2022-12-23 23:26:00,2022-12-24 00:25:00,0.3350369474783245,279487.56000000006,-595.2610169491525,7
56,2022-12-23 23:27:00,2022-12-24 00:26:00,0.3283178913597156,279430.08525423735,-594.6203389830507,7
57,2022-12-23 23:28:00,2022-12-24 00:27:00,0.3240685353278584,279385.509661017,-594.4932203389827,7
58,2022-12-23 23:29:00,2022-12-24 00:28:00,0.3263666091778327,279424.1002372881,-594.6322033898304,7
59,2022-12-23 23:30:00,2022-12-24 00:29:00,0.32020986226278564,279487.48123728816,-594.566101694915,7
60,2022-12-23 23:31:00,2022-12-24 00:30:00,0.31931026636986687,279555.11445762723,-594.0067796610167,7
61,2022-12-23 23:32:00,2022-12-24 00:31:00,0.3130391525255116,279639.9700508475,-594.0457627118641,7
62,2022-12-23 23:33:00,2022-12-24 00:32:00,0.3037581958763753,279760.42852542375,-594.1203389830507,7
63,2022-12-23 23:34:00,2022-12-24 00:33:00,0.3045783521888425,279954.32420338975,-594.194915254237,7
64,2022-12-23 23:35:00,2022-12-24 00:34:00,0.298936305981465,280087.60937288136,-595.1999999999997,7
65,2022-12-23 23:36:00,2022-12-24 00:35:00,0.2901293456257545,280208.93064406776,-596.0322033898304,7
66,2022-12-23 23:37:00,2022-12-24 00:36:00,0.2802082766833749,280269.6398813559,-596.2389830508474,7
67,2022-12-23 23:38:00,2022-12-24 00:37:00,0.2635421380315233,280371.35676271183,-596.4983050847458,7
68,2022-12-23 23:39:00,2022-12-24 00:38:00,0.2714536257530915,280430.84015254234,-597.113559322034,7
69,2022-12-23 23:40:00,2022-12-24 00:39:00,0.26920700984750573,280492.41286440677,-597.0949152542374,7
70,2022-12-23 23:41:00,2022-12-24 00:40:00,0.28487320018922796,280531.2121864407,-596.4610169491525,7
71,2022-12-23 23:42:00,2022-12-24 00:41:00,0.3124502022277163,280578.587779661,-596.4033898305087,7
72,2022-12-23 23:43:00,2022-12-24 00:42:00,0.32800813804532003,280608.5943898305,-596.5745762711865,7
73,2022-12-23 23:44:00,2022-12-24 00:43:00,0.33065234716422165,280643.9334576271,-596.3203389830509,7
74,2022-12-23 23:45:00,2022-12-24 00:44:00,0.33558415574454153,280606.77057627117,-596.3779661016948,7
75,2022-12-23 23:46:00,2022-12-24 00:45:00,0.34920770871370016,280701.4221864406,-596.742372881356,7
76,2022-12-23 23:47:00,2022-12-24 00:46:00,0.34160877102643444,280724.65413559333,-597.1118644067797,7
77,2022-12-23 23:48:00,2022-12-24 00:47:00,0.3387978698170668,280802.94761016953,-597.0457627118644,7
78,2022-12-23 23:49:00,2022-12-24 00:48:00,0.3168645132844576,280778.469322034,-596.971186440678,7
79,2022-12-23 23:50:00,2022-12-24 00:49:00,0.2977311873764225,280778.78389830515,-596.0406779661018,7
80,2022-12-23 23:51:00,2022-12-24 00:50:00,0.3236191251184228,280819.02508474584,-595.1101694915257,7
81,2022-12-23 23:52:00,2022-12-24 00:51:00,0.3778861958452428,280838.65423728805,-594.8237288135595,7
82,2022-12-23 23:53:00,2022-12-24 00:52:00,0.3868591913571743,280867.94057627115,-594.7491525423729,7
83,2022-12-23 23:54:00,2022-12-24 00:53:00,0.38930668016187586,280861.48142372875,-594.6525423728814,7
84,2022-12-23 23:55:00,2022-12-24 00:54:00,0.3553357099123864,280913.329118644,-593.9457627118643,7
85,2022-12-23 23:56:00,2022-12-24 00:55:00,0.3554272031901663,280969.4273559322,-593.3559322033897,7
86,2022-12-23 23:57:00,2022-12-24 00:56:00,0.3549972114282217,280978.97091525426,-593.3508474576271,7
87,2022-12-23 23:58:00,2022-12-24 00:57:00,0.3505844305332954,280978.7119322034,-593.1677966101695,7
88,2022-12-23 23:59:00,2022-12-24 00:58:00,0.374187090457635,281052.9741355931,-592.8559322033899,7
89,2022-12-24 00:00:00,2022-12-24 00:59:00,0.38921204128404174,281062.30216949154,-592.6016949152543,7
90,2022-12-24 00:01:00,2022-12-24 01:00:00,0.42519596323500775,281135.3421694916,-592.4762711864407,7
91,2022-12-24 00:02:00,2022-12-24 01:01:00,0.40938871062435345,281104.5315762712,-592.3508474576272,7
92,2022-12-24 00:03:00,2022-12-24 01:02:00,0.4192529644516733,281241.2088644068,-591.9779661016951,7
93,2022-12-24 00:04:00,2022-12-24 01:03:00,0.43141306557134473,281297.8200508475,-591.6050847457628,7
94,2022-12-24 00:05:00,2022-12-24 01:04:00,0.47457283294949637,281409.49310169497,-592.4152542372883,7
95,2022-12-24 00:06:00,2022-12-24 01:05:00,0.4470379536653974,281416.2346271186,-592.7084745762712,7
96,2022-12-24 00:07:00,2022-12-24 01:06:00,0.4081265540134533,281427.2271694916,-592.4491525423729,7
97,2022-12-24 00:08:00,2022-12-24 01:07:00,0.43177188858508525,281464.0953050848,-592.2254237288136,7
98,2022-12-24 00:09:00,2022-12-24 01:08:00,0.4184594571647347,281500.89310169494,-592.0016949152542,7
99,2022-12-24 00:10:00,2022-12-24 01:09:00,0.4143858879967285,281619.7801525424,-591.7779661016949,7
100,2022-12-24 00:11:00,2022-12-24 01:10:00,0.41680421687323843,281662.92337288137,-591.5542372881356,7
101,2022-12-24 00:12:00,2022-12-24 01:11:00,0.3669217226175433,281726.5346440678,-590.8,7
102,2022-12-24 00:13:00,2022-12-24 01:12:00,0.3639212622181324,281772.77972881356,-590.0457627118643,7
103,2022-12-24 00:14:00,2022-12-24 01:13:00,0.36085127298080916,281922.7332881356,-589.2915254237287,7
104,2022-12-24 00:15:00,2022-12-24 01:14:00,0.3389496039106933,282029.3750508474,-588.537288135593,7
105,2022-12-24 00:16:00,2022-12-24 01:15:00,0.3105782209702117,282121.89464406774,-587.7830508474575,7
106,2022-12-24 00:17:00,2022-12-24 01:16:00,0.28418135350416346,282237.0453220339,-587.0288135593219,8
107,2022-12-24 00:18:00,2022-12-24 01:17:00,0.27210265913946335,282434.28430508473,-586.2745762711862,8
108,2022-12-24 00:19:00,2022-12-24 01:18:00,0.27084080133350164,282583.88701694924,-585.5203389830507,8
109,2022-12-24 00:20:00,2022-12-24 01:19:00,0.2577372470649727,282711.79938983056,-584.766101694915,8
110,2022-12-24 00:21:00,2022-12-24 01:20:00,0.24294380579037847,282877.47837288136,-584.0118644067795,8
111,2022-12-24 00:22:00,2022-12-24 01:21:00,0.22050895162987244,283032.27525423735,-585.2525423728813,8
112,2022-12-24 00:23:00,2022-12-24 01:22:00,0.20459089429074578,283171.86915254226,-586.042372881356,8
113,2022-12-24 00:24:00,2022-12-24 01:23:00,0.20782751982478875,283235.7196610169,-586.5559322033898,8
114,2022-12-24 00:25:00,2022-12-24 01:24:00,0.2468932536520543,283312.47449152544,-587.2610169491527,8
115,2022-12-24 00:26:00,2022-12-24 01:25:00,0.23607364367352024,283375.10466101696,-587.9491525423729,8
116,2022-12-24 00:27:00,2022-12-24 01:26:00,0.22011626634554193,283466.85313559324,-588.6644067796612,8
117,2022-12-24 00:28:00,2022-12-24 01:27:00,0.21497805510744666,283423.40171186434,-589.6271186440679,8
118,2022-12-24 00:29:00,2022-12-24 01:28:00,0.23806489232650954,283406.90757627116,-590.7372881355932,7
119,2022-12-24 00:30:00,2022-12-24 01:29:00,0.23607363133192194,283368.721881356,-591.6220338983051,7
120,2022-12-24 00:31:00,2022-12-24 01:30:00,0.22359873633213256,283328.3047627119,-592.5796610169491,7
121,2022-12-24 00:32:00,2022-12-24 01:31:00,0.21624060066744782,283295.38550847466,-592.9661016949151,7
122,2022-12-24 00:33:00,2022-12-24 01:32:00,0.23153947649337553,283200.7766101695,-593.6661016949153,7
123,2022-12-24 00:34:00,2022-12-24 01:33:00,0.2288042927628168,283179.6091525424,-593.3152542372881,7
124,2022-12-24 00:35:00,2022-12-24 01:34:00,0.23180885480345656,283173.5063728813,-593.0152542372881,7
125,2022-12-24 00:36:00,2022-12-24 01:35:00,0.21110306873399573,283183.55086440686,-593.4813559322034,7
126,2022-12-24 00:37:00,2022-12-24 01:36:00,0.2366327404889353,283135.14927118644,-593.8966101694916,7
127,2022-12-24 00:38:00,2022-12-24 01:37:00,0.21374652539491543,283103.97544067795,-593.984745762712,7
128,2022-12-24 00:39:00,2022-12-24 01:38:00,0.2242386316892389,283106.24638983054,-594.5610169491528,7
129,2022-12-24 00:40:00,2022-12-24 01:39:00,0.23190854775880865,283104.1224915254,-594.6711864406782,7
130,2022-12-24 00:41:00,2022-12-24 01:40:00,0.22570210747946526,283113.8200508474,-594.4610169491527,7
131,2022-12-24 00:42:00,2022-12-24 01:41:00,0.22355066253979844,283114.80079661025,-594.2288135593221,7
132,2022-12-24 00:43:00,2022-12-24 01:42:00,0.2183672869431436,283133.0114745763,-594.7271186440679,7
133,2022-12-24 00:44:00,2022-12-24 01:43:00,0.20562903330212437,283145.74723728804,-595.4322033898306,7
134,2022-12-24 00:45:00,2022-12-24 01:44:00,0.19321854024381638,283129.2249322034,-596.0152542372883,7
135,2022-12-24 00:46:00,2022-12-24 01:45:00,0.16936597058164715,283127.76891525416,-596.5932203389833,7
136,2022-12-24 00:47:00,2022-12-24 01:46:00,0.1627149059400146,283104.6228135593,-596.4305084745764,7
137,2022-12-24 00:48:00,2022-12-24 01:47:00,0.17112231866398672,283070.5973050847,-596.2644067796612,7
138,2022-12-24 00:49:00,2022-12-24 01:48:00,0.19566640721932205,283074.3391694915,-596.3271186440678,7
139,2022-12-24 00:50:00,2022-12-24 01:49:00,0.23293172232950143,283125.57730508473,-596.5830508474577,7
140,2022-12-24 00:51:00,2022-12-24 01:50:00,0.24093547550609373,283096.75157627114,-596.2169491525424,7
141,2022-12-24 00:52:00,2022-12-24 01:51:00,0.2153579562864053,283076.5054915254,-595.9694915254237,7
142,2022-12-24 00:53:00,2022-12-24 01:52:00,0.16955431014324443,283056.1913559322,-595.5779661016949,7
143,2022-12-24 00:54:00,2022-12-24 01:53:00,0.13868906240586426,283044.45501694916,-595.6694915254237,7
144,2022-12-24 00:55:00,2022-12-24 01:54:00,0.13255113385041428,282962.38383050857,-595.6440677966102,7
145,2022-12-24 00:56:00,2022-12-24 01:55:00,0.15169285635444313,282966.7270508475,-595.0016949152543,7
146,2022-12-24 00:57:00,2022-12-24 01:56:00,0.16858491238062692,282928.8412881357,-594.5288135593221,7
147,2022-12-24 00:58:00,2022-12-24 01:57:00,0.3240934151994931,282876.83332203387,-593.9966101694915,7
148,2022-12-24 00:59:00,2022-12-24 01:58:00,0.3719573237593474,282815.02816949156,-593.4067796610169,7
149,2022-12-24 01:00:00,2022-12-24 01:59:00,0.36908322828568557,282773.69393220334,-592.6881355932203,7
150,2022-12-24 01:01:00,2022-12-24 02:00:00,0.4025789913200864,282764.72266101686,-591.9694915254237,7
151,2022-12-24 01:02:00,2022-12-24 02:01:00,0.4234990917819424,282640.0123220339,-591.4983050847458,7
152,2022-12-24 01:03:00,2022-12-24 02:02:00,0.4339094770752917,282590.9055423729,-591.0271186440677,7
153,2022-12-24 01:04:00,2022-12-24 02:03:00,0.4369900950252765,282526.59605084755,-591.6796610169491,7
154,2022-12-24 01:05:00,2022-12-24 02:04:00,0.41817590648518327,282492.4879830509,-592.6322033898306,7
155,2022-12-24 01:06:00,2022-12-24 02:05:00,0.40385892654651684,282476.6903559322,-593.7372881355931,7
156,2022-12-24 01:07:00,2022-12-24 02:06:00,0.3892948500345223,282459.7432372881,-594.8067796610169,7
157,2022-12-24 01:08:00,2022-12-24 02:07:00,0.3874490341730326,282467.5926271187,-595.2661016949152,7
158,2022-12-24 01:09:00,2022-12-24 02:08:00,0.37157321978099656,282398.6185254237,-595.7254237288134,7
159,2022-12-24 01:10:00,2022-12-24 02:09:00,0.36244017086122116,282425.7893728814,-596.1847457627117,7
160,2022-12-24 01:11:00,2022-12-24 02:10:00,0.36254706522924834,282431.2726101695,-597.1745762711863,7
161,2022-12-24 01:12:00,2022-12-24 02:11:00,0.3548840307867826,282500.4685423729,-598.164406779661,7
162,2022-12-24 01:13:00,2022-12-24 02:12:00,0.3592229847165689,282462.5744067797,-599.1542372881356,7
163,2022-12-24 01:14:00,2022-12-24 02:13:00,0.39923582185011813,282484.06976271194,-600.1440677966102,7
164,2022-12-24 01:15:00,2022-12-24 02:14:00,0.4740457989170541,282501.1722033898,-601.1338983050848,7
165,2022-12-24 01:16:00,2022-12-24 02:15:00,0.5128173288612802,282507.39677966107,-602.1237288135593,7
166,2022-12-24 01:17:00,2022-12-24 02:16:00,0.5190216573606219,282441.12423728814,-603.1135593220339,7
167,2022-12-24 01:18:00,2022-12-24 02:17:00,0.5240075824552208,282419.1072881356,-604.1033898305085,7
168,2022-12-24 01:19:00,2022-12-24 02:18:00,0.5279556163794482,282431.61576271185,-605.093220338983,7
169,2022-12-24 01:20:00,2022-12-24 02:19:00,0.5369691128819941,282410.5441694916,-606.0830508474576,7
170,2022-12-24 01:21:00,2022-12-24 02:20:00,0.5444530734778599,282384.0006779661,-605.7559322033898,7
171,2022-12-24 01:22:00,2022-12-24 02:21:00,0.5492276501359771,282358.4701694916,-605.8796610169491,7
172,2022-12-24 01:23:00,2022-12-24 02:22:00,0.548211764166308,282365.3022881356,-605.6237288135593,7
173,2022-12-24 01:24:00,2022-12-24 02:23:00,0.5405038526051039,282370.98525423725,-605.1762711864407,7
174,2022-12-24 01:25:00,2022-12-24 02:24:00,0.5298847349938537,282405.79023728805,-604.7457627118646,7
175,2022-12-24 01:26:00,2022-12-24 02:25:00,0.5248066680983166,282430.797779661,-604.2881355932203,7
176,2022-12-24 01:27:00,2022-12-24 02:26:00,0.5092035813910168,282520.6002542373,-603.5830508474577,7
177,2022-12-24 01:28:00,2022-12-24 02:27:00,0.5052081531836987,282588.71381355927,-602.7305084745763,7
178,2022-12-24 01:29:00,2022-12-24 02:28:00,0.5082459674326198,282680.54459322034,-602.2186440677965,7
179,2022-12-24 01:30:00,2022-12-24 02:29:00,0.5158152388629194,282775.5512881356,-601.6338983050845,7
180,2022-12-24 01:31:00,2022-12-24 02:30:00,0.5133472512901746,282839.1393559322,-601.6203389830507,7
181,2022-12-24 01:32:00,2022-12-24 02:31:00,0.5128108371858039,282890.76935593225,-601.2932203389829,7
182,2022-12-24 01:33:00,2022-12-24 02:32:00,0.5102084860730881,282950.9813898305,-601.3203389830508,7
183,2022-12-24 01:34:00,2022-12-24 02:33:00,0.5060524537631339,282901.94061016955,-601.4694915254237,7
184,2022-12-24 01:35:00,2022-12-24 02:34:00,0.5022490151316777,282932.8299322034,-601.1847457627117,7
185,2022-12-24 01:36:00,2022-12-24 02:35:00,0.4886398365688381,282969.0565423729,-600.9000000000001,7
186,2022-12-24 01:37:00,2022-12-24 02:36:00,0.4528897718618189,282941.43494915264,-600.6152542372882,7
187,2022-12-24 01:38:00,2022-12-24 02:37:00,0.44693319557848904,282907.26010169496,-600.3305084745763,7
188,2022-12-24 01:39:00,2022-12-24 02:38:00,0.4565793751372463,282880.58518644073,-600.6033898305086,7
189,2022-12-24 01:40:00,2022-12-24 02:39:00,0.4750711803087373,282798.7105084746,-600.9186440677967,7
190,2022-12-24 01:41:00,2022-12-24 02:40:00,0.47657383065274556,282736.2276440678,-601.0169491525423,7
191,2022-12-24 01:42:00,2022-12-24 02:41:00,0.4826789440587775,282678.0012033898,-600.4593220338983,7
192,2022-12-24 01:43:00,2022-12-24 02:42:00,0.4746567267182807,282693.218220339,-599.8728813559321,7
193,2022-12-24 01:44:00,2022-12-24 02:43:00,0.47885661647463434,282696.47916949156,-599.2186440677965,7
194,2022-12-24 01:45:00,2022-12-24 02:44:00,0.47245945326226174,282709.4010338984,-598.5847457627117,7
195,2022-12-24 01:46:00,2022-12-24 02:45:00,0.4682907377642853,282739.55245762714,-598.8898305084745,7
196,2022-12-24 01:47:00,2022-12-24 02:46:00,0.4191209268151848,282773.9624576271,-599.1999999999999,7
197,2022-12-24 01:48:00,2022-12-24 02:47:00,0.3437050416074306,282759.6595762712,-599.2830508474576,7
198,2022-12-24 01:49:00,2022-12-24 02:48:00,0.30063429308769385,282677.18449152546,-599.0118644067798,7
199,2022-12-24 01:50:00,2022-12-24 02:49:00,0.2743460571930017,282638.9640508476,-598.7203389830509,7
200,2022-12-24 01:51:00,2022-12-24 02:50:00,0.2603048965384728,282622.2982881357,-599.0593220338983,7
201,2022-12-24 01:52:00,2022-12-24 02:51:00,0.255738291340513,282625.0243898305,-599.3169491525423,7
202,2022-12-24 01:53:00,2022-12-24 02:52:00,0.2463531118303933,282560.6593898304,-599.5406779661017,7
203,2022-12-24 01:54:00,2022-12-24 02:53:00,0.24914616187721034,282531.9024406779,-599.5101694915254,7
204,2022-12-24 01:55:00,2022-12-24 02:54:00,0.2502727070509393,282467.4039661017,-599.479661016949,7
205,2022-12-24 01:56:00,2022-12-24 02:55:00,0.25262612127015166,282446.0814237288,-599.4491525423728,7
206,2022-12-24 01:57:00,2022-12-24 02:56:00,0.33975447744451287,282432.25938983046,-599.5661016949152,7
207,2022-12-24 01:58:00,2022-12-24 02:57:00,0.4319728574996034,282403.236,-599.5949152542372,7
208,2022-12-24 01:59:00,2022-12-24 02:58:00,0.4969673513491142,282426.0363389831,-599.357627118644,7
209,2022-12-24 02:00:00,2022-12-24 02:59:00,0.562399589290922,282512.5513559322,-599.1203389830509,7
210,2022-12-24 02:01:00,2022-12-24 03:00:00,0.5706269472541112,282475.7615254237,-598.9983050847459,7
211,2022-12-24 02:02:00,2022-12-24 03:01:00,0.6001672059155907,282614.03330508474,-598.8610169491526,7
212,2022-12-24 02:03:00,2022-12-24 03:02:00,0.6349943275041899,282703.5932033898,-598.0000000000001,7
213,2022-12-24 02:04:00,2022-12-24 03:03:00,0.6652447819095275,282776.8699152542,-597.1389830508475,7
214,2022-12-24 02:05:00,2022-12-24 03:04:00,0.6545241289005005,282837.1077118644,-596.277966101695,7
215,2022-12-24 02:06:00,2022-12-24 03:05:00,0.667044091994706,282812.9587288135,-595.4169491525424,7
216,2022-12-24 02:07:00,2022-12-24 03:06:00,0.6749461187954338,282820.09289830504,-595.1661016949153,7
217,2022-12-24 02:08:00,2022-12-24 03:07:00,0.6859911771032318,282832.5667288136,-594.9152542372884,7
218,2022-12-24 02:09:00,2022-12-24 03:08:00,0.6872807897016331,282840.649779661,-594.6644067796612,7
219,2022-12-24 02:10:00,2022-12-24 03:09:00,0.6884891453379933,282837.85628813563,-594.0000000000001,7
220,2022-12-24 02:11:00,2022-12-24 03:10:00,0.687226299981114,282799.3223898305,-593.3152542372881,7
221,2022-12-24 02:12:00,2022-12-24 03:11:00,0.6892317399550629,282760.7215084745,-592.5508474576272,7
222,2022-12-24 02:13:00,2022-12-24 03:12:00,0.7002865666776142,282732.8655762712,-591.7779661016949,7
223,2022-12-24 02:14:00,2022-12-24 03:13:00,0.711151292049204,282716.8346271186,-591.0050847457628,7
224,2022-12-24 02:15:00,2022-12-24 03:14:00,0.7050414827148344,282727.7630338983,-590.5762711864406,7
225,2022-12-24 02:16:00,2022-12-24 03:15:00,0.7082371220923227,282717.00506779656,-590.1440677966103,7
226,2022-12-24 02:17:00,2022-12-24 03:16:00,0.7150095836565189,282672.6679491525,-589.6271186440678,7
227,2022-12-24 02:18:00,2022-12-24 03:17:00,0.7078675357912422,282610.967101695,-588.9881355932204,7
228,2022-12-24 02:19:00,2022-12-24 03:18:00,0.711354471961044,282517.8515762712,-588.2084745762711,8
229,2022-12-24 02:20:00,2022-12-24 03:19:00,0.7195497826861122,282418.1836101696,-587.1338983050847,8
230,2022-12-24 02:21:00,2022-12-24 03:20:00,0.7266580065845929,282333.58284745767,-586.2237288135593,8
231,2022-12-24 02:22:00,2022-12-24 03:21:00,0.7262866347468059,282253.2423220339,-586.1203389830509,8
232,2022-12-24 02:23:00,2022-12-24 03:22:00,0.7295174646211753,282153.3760508475,-586.0169491525425,8
233,2022-12-24 02:24:00,2022-12-24 03:23:00,0.7306694034594758,282002.63462711865,-585.9169491525424,8
234,2022-12-24 02:25:00,2022-12-24 03:24:00,0.7258877616304404,281776.1558983051,-585.8169491525424,8
235,2022-12-24 02:26:00,2022-12-24 03:25:00,0.7166495360283983,281560.42215254233,-585.5898305084746,8
236,2022-12-24 02:27:00,2022-12-24 03:26:00,0.6954387238181255,281398.67333898303,-585.3627118644068,8
237,2022-12-24 02:28:00,2022-12-24 03:27:00,0.6815716606166526,281216.3180847457,-585.0203389830508,8
238,2022-12-24 02:29:00,2022-12-24 03:28:00,0.6677814281355873,281032.81630508474,-584.6779661016949,8
239,2022-12-24 02:30:00,2022-12-24 03:29:00,0.6558354644760364,280882.7612203389,-584.335593220339,8
240,2022-12-24 02:31:00,2022-12-24 03:30:00,0.6489478587859897,280728.3164745763,-583.9932203389831,8
241,2022-12-24 02:32:00,2022-12-24 03:31:00,0.6444296601235688,280574.88545762707,-583.4169491525423,8
242,2022-12-24 02:33:00,2022-12-24 03:32:00,0.6355801170612597,280504.63020338974,-583.0084745762712,8
243,2022-12-24 02:34:00,2022-12-24 03:33:00,0.6300865194263825,280396.4727457627,-582.6,8
244,2022-12-24 02:35:00,2022-12-24 03:34:00,0.6152518906383263,280281.76281355927,-582.1644067796611,8
245,2022-12-24 02:36:00,2022-12-24 03:35:00,0.5969973893165985,280211.30942372885,-581.7237288135594,8
246,2022-12-24 02:37:00,2022-12-24 03:36:00,0.5810214690229256,280127.81696610164,-581.3593220338984,8
247,2022-12-24 02:38:00,2022-12-24 03:37:00,0.5740680097703491,280076.69103389815,-580.9983050847457,8
248,2022-12-24 02:39:00,2022-12-24 03:38:00,0.5672819967817769,280120.63077966095,-580.7288135593219,8
249,2022-12-24 02:40:00,2022-12-24 03:39:00,0.5659253257407605,280178.55849152536,-580.6762711864405,8
250,2022-12-24 02:41:00,2022-12-24 03:40:00,0.5683757016215546,280180.2061864406,-580.4694915254237,8
251,2022-12-24 02:42:00,2022-12-24 03:41:00,0.5698380159538567,280158.0044237288,-580.2915254237288,8
252,2022-12-24 02:43:00,2022-12-24 03:42:00,0.5691087920009454,280097.90120338986,-580.1813559322032,8
253,2022-12-24 02:44:00,2022-12-24 03:43:00,0.5696322969289531,279998.8147627119,-580.0016949152542,8
254,2022-12-24 02:45:00,2022-12-24 03:44:00,0.5757926212096285,279965.60706779663,-579.8169491525424,8
255,2022-12-24 02:46:00,2022-12-24 03:45:00,0.5831774486629014,279868.5507966101,-579.6305084745763,8
256,2022-12-24 02:47:00,2022-12-24 03:46:00,0.5896715492978678,279836.2914745762,-579.2627118644068,8
257,2022-12-24 02:48:00,2022-12-24 03:47:00,0.6009584848892897,279748.8340169492,-579.0559322033897,8
258,2022-12-24 02:49:00,2022-12-24 03:48:00,0.6098088138973969,279806.170118644,-578.8474576271185,8
259,2022-12-24 02:50:00,2022-12-24 03:49:00,0.6347387319439921,279713.1763050847,-578.3661016949151,8
260,2022-12-24 02:51:00,2022-12-24 03:50:00,0.6391250433543822,279649.30393220333,-577.9661016949151,8
261,2022-12-24 02:52:00,2022-12-24 03:51:00,0.6884756110865425,279718.3342542373,-577.593220338983,8
262,2022-12-24 02:53:00,2022-12-24 03:52:00,0.6860412532268589,279672.70984745765,-577.4186440677965,8
263,2022-12-24 02:54:00,2022-12-24 03:53:00,0.6899326525031804,279741.6095084746,-577.2389830508474,8
264,2022-12-24 02:55:00,2022-12-24 03:54:00,0.6795128324962525,279672.0705254236,-576.9457627118643,8
265,2022-12-24 02:56:00,2022-12-24 03:55:00,0.6867042664060234,279722.46211864403,-576.5050847457628,8
266,2022-12-24 02:57:00,2022-12-24 03:56:00,0.7280914605770771,279721.97872881347,-576.8762711864406,8
267,2022-12-24 02:58:00,2022-12-24 03:57:00,0.762580734646334,279699.80855932203,-577.5135593220339,8
268,2022-12-24 02:59:00,2022-12-24 03:58:00,0.7721925105210624,279597.5771016949,-577.5254237288134,8
269,2022-12-24 03:00:00,2022-12-24 03:59:00,0.7625276716134894,279600.14099999995,-577.4898305084745,8
270,2022-12-24 03:01:00,2022-12-24 04:00:00,0.7374252808756905,279408.05193220335,-577.5389830508474,8
271,2022-12-24 03:02:00,2022-12-24 04:01:00,0.7439027274109886,279266.70525423734,-576.5745762711865,8
272,2022-12-24 03:03:00,2022-12-24 04:02:00,0.7573297026982069,279147.9944067797,-575.6101694915254,8
273,2022-12-24 03:04:00,2022-12-24 04:03:00,0.6974987261313216,279009.7601694916,-574.6457627118644,8
274,2022-12-24 03:05:00,2022-12-24 04:04:00,0.6397994900756906,278939.5650847458,-573.6813559322035,8
275,2022-12-24 03:06:00,2022-12-24 04:05:00,0.6371872561995915,278890.9268474577,-573.3016949152543,8
276,2022-12-24 03:07:00,2022-12-24 04:06:00,0.6312801702450769,278870.3300677966,-573.0440677966102,8
277,2022-12-24 03:08:00,2022-12-24 04:07:00,0.612870934533081,278815.0740338983,-572.8983050847456,8
278,2022-12-24 03:09:00,2022-12-24 04:08:00,0.5774901397143277,278703.5382711864,-572.9067796610169,8
279,2022-12-24 03:10:00,2022-12-24 04:09:00,0.5610509896000635,278698.9599661016,-572.4389830508474,8
280,2022-12-24 03:11:00,2022-12-24 04:10:00,0.5273140238070171,278707.28938983043,-572.0508474576271,8
281,2022-12-24 03:12:00,2022-12-24 04:11:00,0.48765968114572955,278789.06345762714,-571.6711864406778,8
282,2022-12-24 03:13:00,2022-12-24 04:12:00,0.4976573821670375,278877.2591525424,-571.2915254237288,8
283,2022-12-24 03:14:00,2022-12-24 04:13:00,0.5134638567160476,278870.25769491517,-570.5677966101694,8
284,2022-12-24 03:15:00,2022-12-24 04:14:00,0.41770489611875883,278896.7037118643,-570.0254237288135,8
285,2022-12-24 03:16:00,2022-12-24 04:15:00,0.45786855786430003,278949.02801694913,-569.5677966101694,8
286,2022-12-24 03:17:00,2022-12-24 04:16:00,0.398130829925098,278981.8291016949,-569.5440677966102,8
287,2022-12-24 03:18:00,2022-12-24 04:17:00,0.35710472806824994,279028.61842372885,-569.6610169491526,8
288,2022-12-24 03:19:00,2022-12-24 04:18:00,0.36285190692421787,279078.58442372887,-570.0728813559323,8
289,2022-12-24 03:20:00,2022-12-24 04:19:00,0.37969667477423286,279106.8662711865,-570.3203389830509,8
290,2022-12-24 03:21:00,2022-12-24 04:20:00,0.321909275226787,279138.3245084746,-570.0372881355931,8
291,2022-12-24 03:22:00,2022-12-24 04:21:00,0.27121081665190416,279208.6348474577,-569.7542372881356,8
292,2022-12-24 03:23:00,2022-12-24 04:22:00,0.1927477826983165,279417.2537457627,-569.4677966101693,8
293,2022-12-24 03:24:00,2022-12-24 04:23:00,0.18988303059856654,279722.0179830509,-569.1813559322034,8
294,2022-12-24 03:25:00,2022-12-24 04:24:00,0.3006570083451224,280015.9065423729,-569.7881355932203,8
295,2022-12-24 03:26:00,2022-12-24 04:25:00,0.33980928784717107,280197.3024745763,-570.1525423728814,8
296,2022-12-24 03:27:00,2022-12-24 04:26:00,0.3517365379808235,280403.49789830507,-570.0915254237289,8
297,2022-12-24 03:28:00,2022-12-24 04:27:00,0.35226933476209593,280613.9509491526,-570.3016949152543,8
298,2022-12-24 03:29:00,2022-12-24 04:28:00,0.3470232281361397,280785.42154237285,-570.3915254237289,8
299,2022-12-24 03:30:00,2022-12-24 04:29:00,0.3236215639878329,280943.85391525424,-570.3084745762712,8
300,2022-12-24 03:31:00,2022-12-24 04:30:00,0.27426335482669767,281094.65391525417,-570.2355932203388,8
301,2022-12-24 03:32:00,2022-12-24 04:31:00,0.2704416340468662,281263.765440678,-569.9237288135594,8
302,2022-12-24 03:33:00,2022-12-24 04:32:00,0.2678038636533049,281405.78544067807,-569.6966101694915,8
303,2022-12-24 03:34:00,2022-12-24 04:33:00,0.26091223109622286,281544.4981525424,-569.4830508474577,8
304,2022-12-24 03:35:00,2022-12-24 04:34:00,0.2530752388423386,281704.7659491525,-569.2745762711864,8
305,2022-12-24 03:36:00,2022-12-24 04:35:00,0.2595315291634254,281864.9687457627,-568.9898305084745,8
306,2022-12-24 03:37:00,2022-12-24 04:36:00,0.2518465942996712,281978.6212881356,-568.7016949152542,8
307,2022-12-24 03:38:00,2022-12-24 04:37:00,0.2474331332497409,282068.4256101695,-568.3423728813559,8
308,2022-12-24 03:39:00,2022-12-24 04:38:00,0.2427048380632061,282107.35527118633,-567.9762711864406,8
309,2022-12-24 03:40:00,2022-12-24 04:39:00,0.24065856128604787,282195.94774576265,-567.6898305084746,8
310,2022-12-24 03:41:00,2022-12-24 04:40:00,0.236469715485372,282257.4503898304,-567.4033898305086,8
311,2022-12-24 03:42:00,2022-12-24 04:41:00,0.2847762259776774,282494.01403389825,-567.1169491525424,8
312,2022-12-24 03:43:00,2022-12-24 04:42:00,0.3797918989228032,282788.88894915255,-566.8796610169492,8
313,2022-12-24 03:44:00,2022-12-24 04:43:00,0.4283569825840546,282989.6472542373,-567.4203389830508,8
314,2022-12-24 03:45:00,2022-12-24 04:44:00,0.3946419868858134,283168.72081355937,-567.9610169491525,8
315,2022-12-24 03:46:00,2022-12-24 04:45:00,0.3844230056949199,283275.29835593223,-567.7830508474576,8
316,2022-12-24 03:47:00,2022-12-24 04:46:00,0.39221935305837313,283459.6448983052,-567.6050847457626,8
317,2022-12-24 03:48:00,2022-12-24 04:47:00,0.409860357753861,283516.3645593221,-567.4271186440677,8
318,2022-12-24 03:49:00,2022-12-24 04:48:00,0.4041593745495269,283682.20354237285,-567.4355932203389,8
319,2022-12-24 03:50:00,2022-12-24 04:49:00,0.38118006316017694,283785.2772033898,-567.5525423728814,8
320,2022-12-24 03:51:00,2022-12-24 04:50:00,0.3249183918915705,283827.7466271186,-567.5796610169492,8
321,2022-12-24 03:52:00,2022-12-24 04:51:00,0.31006597457942675,283976.09230508463,-567.3271186440677,8
322,2022-12-24 03:53:00,2022-12-24 04:52:00,0.33481682760717213,284016.26949152537,-567.0796610169491,8
323,2022-12-24 03:54:00,2022-12-24 04:53:00,0.36191126291660614,284168.8075254237,-566.9457627118644,8
324,2022-12-24 03:55:00,2022-12-24 04:54:00,0.36617334373311716,284226.1495762711,-566.5966101694916,8
325,2022-12-24 03:56:00,2022-12-24 04:55:00,0.36371229472773775,284341.80306779663,-566.022033898305,8
326,2022-12-24 03:57:00,2022-12-24 04:56:00,0.3436424442771401,284368.7467966102,-566.286440677966,8
327,2022-12-24 03:58:00,2022-12-24 04:57:00,0.3324468466687834,284376.165101695,-567.1762711864407,8
328,2022-12-24 03:59:00,2022-12-24 04:58:00,0.324871205505798,284419.19171186443,-566.5508474576272,8
329,2022-12-24 04:00:00,2022-12-24 04:59:00,0.3073015976487781,284478.3686610169,-565.9474576271186,8
330,2022-12-24 04:01:00,2022-12-24 05:00:00,0.2937730722677555,284530.9940169492,-566.3525423728814,8
331,2022-12-24 04:02:00,2022-12-24 05:01:00,0.27051627188458055,284584.6370000001,-566.913559322034,8
332,2022-12-24 04:03:00,2022-12-24 05:02:00,0.27942318685063955,284704.15750847454,-567.4745762711865,8
333,2022-12-24 04:04:00,2022-12-24 05:03:00,0.28911506535917536,284781.4528305084,-567.0983050847457,8
334,2022-12-24 04:05:00,2022-12-24 05:04:00,0.2954513463128977,284745.1719152542,-566.1661016949151,8
335,2022-12-24 04:06:00,2022-12-24 05:05:00,0.3041407618896617,284680.7173389831,-565.1983050847457,8
336,2022-12-24 04:07:00,2022-12-24 05:06:00,0.2984857685173755,284732.950220339,-564.142372881356,8
337,2022-12-24 04:08:00,2022-12-24 05:07:00,0.27340817642519144,284842.4140508474,-563.6406779661017,8
338,2022-12-24 04:09:00,2022-12-24 05:08:00,0.3025075652844468,284845.86998305086,-563.6355932203389,8
339,2022-12-24 04:10:00,2022-12-24 05:09:00,0.3213645349337545,284858.9896440677,-563.8661016949152,8
340,2022-12-24 04:11:00,2022-12-24 05:10:00,0.33587984384571895,284754.21083050844,-564.6406779661017,8
341,2022-12-24 04:12:00,2022-12-24 05:11:00,0.3734726848395026,284681.79754237283,-565.177966101695,8
342,2022-12-24 04:13:00,2022-12-24 05:12:00,0.3916878174966451,284672.018220339,-565.6745762711865,8
343,2022-12-24 04:14:00,2022-12-24 05:13:00,0.3970011291532719,284651.363559322,-566.5186440677966,8
344,2022-12-24 04:15:00,2022-12-24 05:14:00,0.4087172881646919,284603.6184067797,-567.1237288135595,8
345,2022-12-24 04:16:00,2022-12-24 05:15:00,0.3886285433271457,284622.83299999987,-567.2593220338983,8
346,2022-12-24 04:17:00,2022-12-24 05:16:00,0.38178981188822214,284643.0609661017,-567.5745762711865,8
347,2022-12-24 04:18:00,2022-12-24 05:17:00,0.3809463024287028,284623.22649152536,-567.8898305084746,8
348,2022-12-24 04:19:00,2022-12-24 05:18:00,0.3863666514608895,284666.0254067797,-568.2050847457626,8
349,2022-12-24 04:20:00,2022-12-24 05:19:00,0.3714859540024333,284723.8932033897,-568.9,8
350,2022-12-24 04:21:00,2022-12-24 05:20:00,0.36653896991166446,284814.12727118644,-569.5033898305085,8
351,2022-12-24 04:22:00,2022-12-24 05:21:00,0.413085457654309,284768.0835423729,-570.0932203389831,8
352,2022-12-24 04:23:00,2022-12-24 05:22:00,0.42710962179278655,284767.3796440678,-570.2966101694915,8
353,2022-12-24 04:24:00,2022-12-24 05:23:00,0.4605179193755381,284684.4508305085,-569.7169491525423,8
354,2022-12-24 04:25:00,2022-12-24 05:24:00,0.480181809358628,284707.3986271187,-569.3779661016948,8
355,2022-12-24 04:26:00,2022-12-24 05:25:00,0.49662101684968485,284530.2869322034,-569.4644067796609,8
356,2022-12-24 04:27:00,2022-12-24 05:26:00,0.5007226195468721,284492.564559322,-569.2796610169491,8
357,2022-12-24 04:28:00,2022-12-24 05:27:00,0.5132282117701381,284368.2931186441,-569.215254237288,8
358,2022-12-24 04:29:00,2022-12-24 05:28:00,0.5186023024898107,284233.1454915254,-569.3237288135595,8
359,2022-12-24 04:30:00,2022-12-24 05:29:00,0.49379633687014723,284229.8200677965,-569.4220338983051,8
360,2022-12-24 04:31:00,2022-12-24 05:30:00,0.4827574653031992,283988.60023728805,-569.6610169491526,8
361,2022-12-24 04:32:00,2022-12-24 05:31:00,0.4819545598480221,283909.4702372881,-569.7627118644068,8
362,2022-12-24 04:33:00,2022-12-24 05:32:00,0.4912082327966734,283775.1415932203,-569.9152542372881,8
363,2022-12-24 04:34:00,2022-12-24 05:33:00,0.4932265826178477,283645.0714237287,-570.0677966101695,8
364,2022-12-24 04:35:00,2022-12-24 05:34:00,0.46629273162265866,283511.69244067796,-570.2203389830509,8
365,2022-12-24 04:36:00,2022-12-24 05:35:00,0.4561754509306823,283317.70862711867,-570.3728813559321,8
366,2022-12-24 04:37:00,2022-12-24 05:36:00,0.44646197646180547,283204.7380508475,-570.5050847457626,8
367,2022-12-24 04:38:00,2022-12-24 05:37:00,0.4338997617744808,283046.29771186446,-570.6440677966102,8
368,2022-12-24 04:39:00,2022-12-24 05:38:00,0.4300508993149226,282962.3836440678,-571.086440677966,8
369,2022-12-24 04:40:00,2022-12-24 05:39:00,0.42965424552214193,282790.83845762705,-571.528813559322,8
370,2022-12-24 04:41:00,2022-12-24 05:40:00,0.4445414428588557,282521.9338813559,-571.971186440678,8
371,2022-12-24 04:42:00,2022-12-24 05:41:00,0.4351664885797992,282183.7784576271,-572.413559322034,8
372,2022-12-24 04:43:00,2022-12-24 05:42:00,0.37349722157194354,281854.2053220339,-572.077966101695,8
373,2022-12-24 04:44:00,2022-12-24 05:43:00,0.3448203763703365,281661.8575254237,-571.5355932203389,8
374,2022-12-24 04:45:00,2022-12-24 05:44:00,0.3285166345671214,281534.30733898305,-571.8915254237288,8
375,2022-12-24 04:46:00,2022-12-24 05:45:00,0.3287191804514924,281404.52977966104,-572.2474576271186,8
376,2022-12-24 04:47:00,2022-12-24 05:46:00,0.30589845320712433,281323.3311355932,-572.6033898305085,8
377,2022-12-24 04:48:00,2022-12-24 05:47:00,0.29691631360440723,281299.3618135593,-573.3525423728814,8
378,2022-12-24 04:49:00,2022-12-24 05:48:00,0.33310024646997666,281356.4056101695,-573.9932203389831,8
379,2022-12-24 04:50:00,2022-12-24 05:49:00,0.3901447202146313,281276.0912711865,-574.7237288135594,8
380,2022-12-24 04:51:00,2022-12-24 05:50:00,0.36938278782262424,281240.03298305086,-575.7898305084747,8
381,2022-12-24 04:52:00,2022-12-24 05:51:00,0.3554484891356574,281280.66325423727,-576.8559322033898,8
382,2022-12-24 04:53:00,2022-12-24 05:52:00,0.3308025458309522,281228.25844067795,-577.9220338983051,8
383,2022-12-24 04:54:00,2022-12-24 05:53:00,0.33758743991459794,281173.62513559323,-579.2033898305086,8
384,2022-12-24 04:55:00,2022-12-24 05:54:00,0.34904388569263506,281214.0556440678,-579.9864406779661,8
385,2022-12-24 04:56:00,2022-12-24 05:55:00,0.3385657016487184,281153.88386440673,-579.9305084745763,8
386,2022-12-24 04:57:00,2022-12-24 05:56:00,0.3992231273246214,281227.695559322,-579.8745762711866,8
387,2022-12-24 04:58:00,2022-12-24 05:57:00,0.4024913494548853,281239.82225423737,-581.2661016949153,8
388,2022-12-24 04:59:00,2022-12-24 05:58:00,0.434231769441492,281291.8812372882,-582.5661016949152,8
389,2022-12-24 05:00:00,2022-12-24 05:59:00,0.4458713244884188,281433.6004576271,-583.177966101695,8
390,2022-12-24 05:01:00,2022-12-24 06:00:00,0.41675453353373304,281223.91503389826,-582.6457627118643,8
391,2022-12-24 05:02:00,2022-12-24 06:01:00,0.4279327963837596,281201.1824915254,-582.1203389830508,8
392,2022-12-24 05:03:00,2022-12-24 06:02:00,0.4128224732410197,281019.4714067796,-583.0745762711865,8
393,2022-12-24 05:04:00,2022-12-24 06:03:00,0.38577706337112416,280996.607338983,-584.0813559322035,8
394,2022-12-24 05:05:00,2022-12-24 06:04:00,0.3074307268658079,281023.4066610169,-585.3508474576272,8
395,2022-12-24 05:06:00,2022-12-24 06:05:00,0.2951182867779113,280869.60481355933,-586.5966101694917,7
396,2022-12-24 05:07:00,2022-12-24 06:06:00,0.2876964838163789,280908.16064406774,-587.5474576271188,7
397,2022-12-24 05:08:00,2022-12-24 06:07:00,0.2934659506532662,280879.62691525416,-587.6237288135594,7
398,2022-12-24 05:09:00,2022-12-24 06:08:00,0.2882622082960243,280778.59691525425,-587.4644067796612,7
399,2022-12-24 05:10:00,2022-12-24 06:09:00,0.29966894617623424,280826.68352542375,-586.7610169491527,7
400,2022-12-24 05:11:00,2022-12-24 06:10:00,0.2816128739115164,280781.73545762716,-586.5694915254238,7
401,2022-12-24 05:12:00,2022-12-24 06:11:00,0.28198810480040526,280736.7219661016,-586.3983050847457,7
402,2022-12-24 05:13:00,2022-12-24 06:12:00,0.26896535808189265,280672.18094915245,-585.9271186440678,7
403,2022-12-24 05:14:00,2022-12-24 06:13:00,0.2702778617879202,280691.8967966101,-585.6372881355932,7
404,2022-12-24 05:15:00,2022-12-24 06:14:00,0.2727407903511554,280628.30484745756,-585.5966101694914,7
405,2022-12-24 05:16:00,2022-12-24 06:15:00,0.2671658643828153,280597.07705084747,-584.913559322034,7
406,2022-12-24 05:17:00,2022-12-24 06:16:00,0.2513531719353581,280684.6980677966,-584.9644067796611,7
407,2022-12-24 05:18:00,2022-12-24 06:17:00,0.2716135594451802,280671.7163728814,-584.7864406779661,7
408,2022-12-24 05:19:00,2022-12-24 06:18:00,0.2620211572189422,280672.72105084744,-584.2440677966102,8
409,2022-12-24 05:20:00,2022-12-24 06:19:00,0.2438649848449435,280632.5802033899,-583.9016949152543,8
410,2022-12-24 05:21:00,2022-12-24 06:20:00,0.24441629149525718,280621.56181355927,-583.6796610169492,8
411,2022-12-24 05:22:00,2022-12-24 06:21:00,0.2545877451600587,280517.5053728814,-583.5694915254238,8
412,2022-12-24 05:23:00,2022-12-24 06:22:00,0.2632945249976203,280473.9211355932,-583.4016949152542,8
413,2022-12-24 05:24:00,2022-12-24 06:23:00,0.29272776084771757,280291.8974067797,-583.2355932203388,8
414,2022-12-24 05:25:00,2022-12-24 06:24:00,0.28968875486913126,280476.27994915255,-583.0694915254236,8
415,2022-12-24 05:26:00,2022-12-24 06:25:00,0.30240054230652674,280422.76632203395,-582.5542372881356,8
416,2022-12-24 05:27:00,2022-12-24 06:26:00,0.31488573889976407,280479.4523559323,-582.0389830508474,8
417,2022-12-24 05:28:00,2022-12-24 06:27:00,0.32441853988810265,280640.93413559324,-582.515254237288,8
418,2022-12-24 05:29:00,2022-12-24 06:28:00,0.34517958247841707,280605.59779661015,-583.228813559322,8
419,2022-12-24 05:30:00,2022-12-24 06:29:00,0.35583407447637755,280836.1311864407,-583.8728813559322,8
420,2022-12-24 05:31:00,2022-12-24 06:30:00,0.3593286072111182,280917.41423728823,-584.5694915254237,8
421,2022-12-24 05:32:00,2022-12-24 06:31:00,0.3623627102963841,281011.60203389835,-584.7813559322034,8
422,2022-12-24 05:33:00,2022-12-24 06:32:00,0.38642284686149797,281173.82940677967,-584.9932203389831,8
423,2022-12-24 05:34:00,2022-12-24 06:33:00,0.4374312265835017,281246.2624576271,-585.2050847457625,8
424,2022-12-24 05:35:00,2022-12-24 06:34:00,0.4519628988213139,281440.7879661018,-585.4169491525422,8
425,2022-12-24 05:36:00,2022-12-24 06:35:00,0.45360966869699304,281541.1949830508,-585.6288135593219,8
426,2022-12-24 05:37:00,2022-12-24 06:36:00,0.470280126842064,281664.23684745753,-585.8406779661016,8
427,2022-12-24 05:38:00,2022-12-24 06:37:00,0.5159824456995136,281733.159220339,-584.9406779661017,8
428,2022-12-24 05:39:00,2022-12-24 06:38:00,0.5216309376684637,281968.4954915255,-584.0406779661017,8
429,2022-12-24 05:40:00,2022-12-24 06:39:00,0.5221394655160594,282182.14371186437,-583.1406779661017,8
430,2022-12-24 05:41:00,2022-12-24 06:40:00,0.5510221145681677,282339.5100677966,-582.2406779661018,8
431,2022-12-24 05:42:00,2022-12-24 06:41:00,0.5564862369557554,282589.7798135593,-581.3406779661018,8
432,2022-12-24 05:43:00,2022-12-24 06:42:00,0.549070270136282,282780.52557627123,-580.6474576271187,8
433,2022-12-24 05:44:00,2022-12-24 06:43:00,0.5524907999797034,282923.63669491524,-579.9542372881357,8
434,2022-12-24 05:45:00,2022-12-24 06:44:00,0.5586090392802223,283049.38415254233,-579.2610169491527,8
435,2022-12-24 05:46:00,2022-12-24 06:45:00,0.5930759321208697,283104.7980508474,-578.5677966101696,8
436,2022-12-24 05:47:00,2022-12-24 06:46:00,0.5986794420912062,283138.5227966102,-577.2949152542375,8
437,2022-12-24 05:48:00,2022-12-24 06:47:00,0.583605006692603,283109.4785593221,-576.0220338983053,8
438,2022-12-24 05:49:00,2022-12-24 06:48:00,0.5839449591238387,283209.0134067796,-574.749152542373,8
439,2022-12-24 05:50:00,2022-12-24 06:49:00,0.579711405148459,283244.69881355925,-573.4762711864407,8
440,2022-12-24 05:51:00,2022-12-24 06:50:00,0.5760860920646436,283226.2640677966,-572.2033898305086,8
441,2022-12-24 05:52:00,2022-12-24 06:51:00,0.5698453684916441,283280.192118644,-571.8525423728813,8
442,2022-12-24 05:53:00,2022-12-24 06:52:00,0.5613805466300267,283332.9707627119,-571.5016949152542,8
443,2022-12-24 05:54:00,2022-12-24 06:53:00,0.5663068982065214,283301.3621016949,-571.150847457627,8
444,2022-12-24 05:55:00,2022-12-24 06:54:00,0.5720446613272937,283415.62506779656,-570.8,8
445,2022-12-24 05:56:00,2022-12-24 06:55:00,0.5864197858643891,283434.68906779663,-570.4491525423729,8
446,2022-12-24 05:57:00,2022-12-24 06:56:00,0.5959286157008347,283499.08932203386,-570.0983050847457,8
447,2022-12-24 05:58:00,2022-12-24 06:57:00,0.6600190886598811,283536.3966101695,-569.7474576271186,8
448,2022-12-24 05:59:00,2022-12-24 06:58:00,0.6283442336359455,283432.02016949153,-569.3966101694915,8
449,2022-12-24 06:00:00,2022-12-24 06:59:00,0.6415395231949695,283682.1553220339,-570.0338983050848,8
450,2022-12-24 06:01:00,2022-12-24 07:00:00,0.6703464610346342,283688.99125423725,-570.664406779661,8
451,2022-12-24 06:02:00,2022-12-24 07:01:00,0.6770379377199021,283900.07474576274,-570.7525423728814,8
452,2022-12-24 06:03:00,2022-12-24 07:02:00,0.6634131535596851,284001.9055932203,-570.7593220338982,8
453,2022-12-24 06:04:00,2022-12-24 07:03:00,0.6621887460886792,284046.37305084744,-570.4169491525423,8
454,2022-12-24 06:05:00,2022-12-24 07:04:00,0.6501281813242585,284153.47364406777,-570.0745762711863,8
455,2022-12-24 06:06:00,2022-12-24 07:05:00,0.6578005561418541,284101.59330508474,-569.7322033898305,8
456,2022-12-24 06:07:00,2022-12-24 07:06:00,0.6496582786657389,284106.93915254227,-570.264406779661,8
457,2022-12-24 06:08:00,2022-12-24 07:07:00,0.6487534188078179,284173.8366101695,-570.7966101694915,8
458,2022-12-24 06:09:00,2022-12-24 07:08:00,0.6228270047535527,284117.42701694916,-571.3288135593219,8
459,2022-12-24 06:10:00,2022-12-24 07:09:00,0.607893656572345,284119.326,-571.586440677966,8
460,2022-12-24 06:11:00,2022-12-24 07:10:00,0.5819524515985296,284118.99372881354,-571.8644067796608,8
461,2022-12-24 06:12:00,2022-12-24 07:11:00,0.5558459426742733,284141.2965423728,-571.9169491525423,8
462,2022-12-24 06:13:00,2022-12-24 07:12:00,0.6056090292350168,284163.5300169491,-572.0271186440677,8
463,2022-12-24 06:14:00,2022-12-24 07:13:00,0.6508000406079777,284217.0452711865,-572.8237288135593,8
464,2022-12-24 06:15:00,2022-12-24 07:14:00,0.636974073161951,284235.9001864407,-574.0864406779662,8
465,2022-12-24 06:16:00,2022-12-24 07:15:00,0.6989473354111777,284170.3639152543,-574.6864406779661,8
466,2022-12-24 06:17:00,2022-12-24 07:16:00,0.7037655513520266,284132.86774576275,-575.2559322033896,8
467,2022-12-24 06:18:00,2022-12-24 07:17:00,0.6919721589586559,284072.6012033899,-575.8677966101693,8
468,2022-12-24 06:19:00,2022-12-24 07:18:00,0.7054547678187277,283966.8630677967,-576.3745762711865,8
469,2022-12-24 06:20:00,2022-12-24 07:19:00,0.7121181037802121,283856.73194915254,-576.9016949152542,8
470,2022-12-24 06:21:00,2022-12-24 07:20:00,0.7156750649687703,283777.8839830508,-577.528813559322,8
471,2022-12-24 06:22:00,2022-12-24 07:21:00,0.7212507549862126,283705.4521186441,-578.2135593220339,8
472,2022-12-24 06:23:00,2022-12-24 07:22:00,0.7263524391387355,283696.7323898306,-578.8983050847456,8
473,2022-12-24 06:24:00,2022-12-24 07:23:00,0.7474119268315482,283483.6291694916,-579.5830508474576,8
474,2022-12-24 06:25:00,2022-12-24 07:24:00,0.7566845930661983,283367.750322034,-580.3491525423728,8
475,2022-12-24 06:26:00,2022-12-24 07:25:00,0.7640491112829207,283221.533779661,-581.284745762712,8
476,2022-12-24 06:27:00,2022-12-24 07:26:00,0.7778671019424651,282998.49342372885,-581.2169491525424,8
477,2022-12-24 06:28:00,2022-12-24 07:27:00,0.7973969116042761,282909.43342372886,-580.8966101694915,8
478,2022-12-24 06:29:00,2022-12-24 07:28:00,0.8023323619937552,282734.90298305085,-580.8372881355931,8
479,2022-12-24 06:30:00,2022-12-24 07:29:00,0.8051126239995803,282585.16722033895,-580.7983050847457,8
480,2022-12-24 06:31:00,2022-12-24 07:30:00,0.8078211313362531,282495.90128813556,-581.3728813559322,8
481,2022-12-24 06:32:00,2022-12-24 07:31:00,0.8252009972977207,282336.2980847457,-581.9474576271186,8
482,2022-12-24 06:33:00,2022-12-24 07:32:00,0.8357251517877108,282260.94832203386,-582.6271186440678,8
483,2022-12-24 06:34:00,2022-12-24 07:33:00,0.8309997477843678,282147.6917118644,-583.1101694915254,8
484,2022-12-24 06:35:00,2022-12-24 07:34:00,0.802038482210686,281994.36788135587,-583.4406779661016,8
485,2022-12-24 06:36:00,2022-12-24 07:35:00,0.80351884715403,281928.53967796604,-583.4932203389831,8
486,2022-12-24 06:37:00,2022-12-24 07:36:00,0.7972861363007039,281831.2912711864,-585.0237288135594,8
487,2022-12-24 06:38:00,2022-12-24 07:37:00,0.8049927238645168,281646.4097457627,-586.5542372881356,8
488,2022-12-24 06:39:00,2022-12-24 07:38:00,0.7974174864090713,281416.0558474576,-587.9728813559323,7
489,2022-12-24 06:40:00,2022-12-24 07:39:00,0.7839231668648321,281282.92644067795,-589.413559322034,7
490,2022-12-24 06:41:00,2022-12-24 07:40:00,0.7846999131406371,281090.26923728816,-590.8745762711866,7
491,2022-12-24 06:42:00,2022-12-24 07:41:00,0.7846593859044404,280900.7845762712,-592.335593220339,7
492,2022-12-24 06:43:00,2022-12-24 07:42:00,0.7799258717153097,280726.3665084746,-593.7966101694915,7
493,2022-12-24 06:44:00,2022-12-24 07:43:00,0.7752820613319693,280562.6893220339,-595.257627118644,7
494,2022-12-24 06:45:00,2022-12-24 07:44:00,0.7659455757470234,280415.1582372881,-596.7186440677966,7
495,2022-12-24 06:46:00,2022-12-24 07:45:00,0.7645384813844764,280267.5576271186,-598.1406779661016,7
496,2022-12-24 06:47:00,2022-12-24 07:46:00,0.7676951015446468,280113.40227118635,-599.5627118644068,7
497,2022-12-24 06:48:00,2022-12-24 07:47:00,0.7682940725652389,279962.41861016944,-600.9847457627117,7
498,2022-12-24 06:49:00,2022-12-24 07:48:00,0.7661065269219819,279816.77022033895,-602.4067796610167,7
499,2022-12-24 06:50:00,2022-12-24 07:49:00,0.7620237954536838,279674.2956440678,-603.8288135593218,7
500,2022-12-24 06:51:00,2022-12-24 07:50:00,0.7550194477767169,279534.9947118644,-604.3288135593219,7
501,2022-12-24 06:52:00,2022-12-24 07:51:00,0.739060770039571,279395.6236949152,-604.8288135593219,7
502,2022-12-24 06:53:00,2022-12-24 07:52:00,0.724989616275471,279261.58750847453,-605.3288135593219,7
503,2022-12-24 06:54:00,2022-12-24 07:53:00,0.7153727444492926,279141.53530508466,-605.8288135593218,7
504,2022-12-24 06:55:00,2022-12-24 07:54:00,0.7014876825422309,279025.73672881356,-606.3288135593219,7
505,2022-12-24 06:56:00,2022-12-24 07:55:00,0.6909946052363543,278889.32757627114,-606.8830508474576,7
506,2022-12-24 06:57:00,2022-12-24 07:56:00,0.6808532169840475,278753.9296101695,-607.4372881355932,7
507,2022-12-24 06:58:00,2022-12-24 07:57:00,0.675585600498314,278619.5426610169,-607.9915254237288,7
508,2022-12-24 06:59:00,2022-12-24 07:58:00,0.6594178797444373,278485.0879830509,-608.5457627118644,7
509,2022-12-24 07:00:00,2022-12-24 07:59:00,0.6354148660918227,278345.1547627119,-609.1,7
510,2022-12-24 07:01:00,2022-12-24 08:00:00,0.6278856604568253,278199.74677966104,-609.6542372881356,7
511,2022-12-24 07:02:00,2022-12-24 08:01:00,0.5929875727251968,278054.2669491526,-610.2084745762711,7
512,2022-12-24 07:03:00,2022-12-24 08:02:00,0.6014795265488271,277905.47430508485,-610.7627118644067,7
513,2022-12-24 07:04:00,2022-12-24 08:03:00,0.5726485975336099,277785.79905084753,-611.3169491525424,7
514,2022-12-24 07:05:00,2022-12-24 08:04:00,0.5237357086969492,277656.32362711866,-611.871186440678,7
515,2022-12-24 07:06:00,2022-12-24 08:05:00,0.5004455680957113,277525.6979491526,-612.4254237288135,7
516,2022-12-24 07:07:00,2022-12-24 08:06:00,0.4682825939874272,277395.0001525424,-612.6694915254236,7
517,2022-12-24 07:08:00,2022-12-24 08:07:00,0.4488639347084286,277268.55659322045,-612.913559322034,7
518,2022-12-24 07:09:00,2022-12-24 08:08:00,0.44694941654922543,277157.17540677974,-613.157627118644,7
519,2022-12-24 07:10:00,2022-12-24 08:09:00,0.4940628114187155,277057.61547457636,-613.4016949152541,7
520,2022-12-24 07:11:00,2022-12-24 08:10:00,0.5114582651374013,276967.7143559322,-613.6457627118643,7
521,2022-12-24 07:12:00,2022-12-24 08:11:00,0.4967983545987749,276831.25655932206,-613.8898305084745,7
522,2022-12-24 07:13:00,2022-12-24 08:12:00,0.43589272927718586,276683.91867796605,-613.3559322033897,7
523,2022-12-24 07:14:00,2022-12-24 08:13:00,0.42996856289518026,276562.4542711865,-612.8186440677965,7
524,2022-12-24 07:15:00,2022-12-24 08:14:00,0.4142393676551103,276462.53884745773,-612.2101694915253,7
525,2022-12-24 07:16:00,2022-12-24 08:15:00,0.38360007606713653,276376.6049322034,-611.8610169491525,7
526,2022-12-24 07:17:00,2022-12-24 08:16:00,0.33297388102916825,276300.3300847459,-611.8338983050847,7
527,2022-12-24 07:18:00,2022-12-24 08:17:00,0.3195814346448888,276257.49584745767,-611.8033898305084,7
528,2022-12-24 07:19:00,2022-12-24 08:18:00,0.33063974188096273,276242.6966271187,-611.6457627118643,7
529,2022-12-24 07:20:00,2022-12-24 08:19:00,0.33187540848254127,276207.28611864406,-611.6627118644068,7
530,2022-12-24 07:21:00,2022-12-24 08:20:00,0.3257847658477179,276173.9667966102,-611.6966101694915,7
531,2022-12-24 07:22:00,2022-12-24 08:21:00,0.31934176262006847,276152.46713559324,-611.7305084745763,7
532,2022-12-24 07:23:00,2022-12-24 08:22:00,0.3102366365402092,276143.8670677966,-611.764406779661,7
533,2022-12-24 07:24:00,2022-12-24 08:23:00,0.3039607438403566,276131.9525254237,-612.0661016949151,7
534,2022-12-24 07:25:00,2022-12-24 08:24:00,0.30357206693646155,276132.9397457627,-612.1983050847458,7
535,2022-12-24 07:26:00,2022-12-24 08:25:00,0.3029236365698924,276128.4490677966,-612.3423728813558,7
536,2022-12-24 07:27:00,2022-12-24 08:26:00,0.32959205540896036,276062.2683559322,-612.5016949152542,7
537,2022-12-24 07:28:00,2022-12-24 08:27:00,0.3209939977868549,276016.5540508474,-612.4,7
538,2022-12-24 07:29:00,2022-12-24 08:28:00,0.3338021213350155,275967.5259152543,-612.2779661016949,7
539,2022-12-24 07:30:00,2022-12-24 08:29:00,0.3248842632653668,275906.5337118644,-611.9898305084745,7
540,2022-12-24 07:31:00,2022-12-24 08:30:00,0.3207536163790349,275818.4429322034,-611.349152542373,7
541,2022-12-24 07:32:00,2022-12-24 08:31:00,0.34871273074088216,275708.6587966102,-610.6491525423729,7
542,2022-12-24 07:33:00,2022-12-24 08:32:00,0.37076380863494973,275616.09930508485,-610.2508474576272,7
543,2022-12-24 07:34:00,2022-12-24 08:33:00,0.3923237007511119,275536.4397457628,-610.0050847457626,7
544,2022-12-24 07:35:00,2022-12-24 08:34:00,0.39199121096596273,275436.1672711865,-610.037288135593,7
545,2022-12-24 07:36:00,2022-12-24 08:35:00,0.44129651118832924,275360.68805084744,-609.4711864406778,7
546,2022-12-24 07:37:00,2022-12-24 08:36:00,0.47448730890404794,275302.43194915255,-608.9050847457626,7
547,2022-12-24 07:38:00,2022-12-24 08:37:00,0.49239628074128905,275299.23625423736,-608.450847457627,7
548,2022-12-24 07:39:00,2022-12-24 08:38:00,0.5193168056903752,275282.9951355932,-607.9745762711862,7
549,2022-12-24 07:40:00,2022-12-24 08:39:00,0.5273061620391383,275255.87064406776,-607.4779661016947,7
550,2022-12-24 07:41:00,2022-12-24 08:40:00,0.5387548961344295,275232.9996271187,-606.8796610169491,7
551,2022-12-24 07:42:00,2022-12-24 08:41:00,0.5706471260968963,275216.53979661013,-606.2813559322033,7
552,2022-12-24 07:43:00,2022-12-24 08:42:00,0.5881744048510694,275191.3590169492,-605.6830508474575,7
553,2022-12-24 07:44:00,2022-12-24 08:43:00,0.6018655467582927,275161.78077966097,-605.0847457627116,7
554,2022-12-24 07:45:00,2022-12-24 08:44:00,0.6206756945986023,275132.12942372885,-604.5254237288133,7
555,2022-12-24 07:46:00,2022-12-24 08:45:00,0.6325290207845615,275109.9717288135,-604.5508474576269,7
556,2022-12-24 07:47:00,2022-12-24 08:46:00,0.6469193252913896,275074.7679322035,-604.5762711864404,7
557,2022-12-24 07:48:00,2022-12-24 08:47:00,0.6499648848532441,275033.0067457628,-604.4627118644066,7
558,2022-12-24 07:49:00,2022-12-24 08:48:00,0.6581341244383632,274978.1968135594,-604.3491525423727,7
559,2022-12-24 07:50:00,2022-12-24 08:49:00,0.6583001036791029,274935.20596610167,-604.1186440677965,7
560,2022-12-24 07:51:00,2022-12-24 08:50:00,0.6478645444821076,274869.44020338985,-603.8525423728813,7
561,2022-12-24 07:52:00,2022-12-24 08:51:00,0.6736054748441335,274817.6542711865,-603.5372881355931,7
562,2022-12-24 07:53:00,2022-12-24 08:52:00,0.6772829212196255,274771.1986779662,-603.222033898305,7
563,2022-12-24 07:54:00,2022-12-24 08:53:00,0.6985758968716114,274730.07494915253,-602.9067796610168,7
564,2022-12-24 07:55:00,2022-12-24 08:54:00,0.7118135640583344,274720.22901694913,-602.6050847457625,7
565,2022-12-24 07:56:00,2022-12-24 08:55:00,0.7095566145706608,274712.47003389825,-602.3050847457625,7
566,2022-12-24 07:57:00,2022-12-24 08:56:00,0.7052248447040711,274698.1513898305,-601.9491525423728,7
567,2022-12-24 07:58:00,2022-12-24 08:57:00,0.6936115062760573,274690.2436949153,-601.5084745762712,7
568,2022-12-24 07:59:00,2022-12-24 08:58:00,0.6862598274617325,274709.2875254237,-601.0677966101695,7
569,2022-12-24 08:00:00,2022-12-24 08:59:00,0.6721594748332755,274731.50116949144,-600.6491525423728,7
570,2022-12-24 08:01:00,2022-12-24 09:00:00,0.6469052487197711,274720.1276949152,-600.2305084745761,7
571,2022-12-24 08:02:00,2022-12-24 09:01:00,0.5956669436621879,274744.3540677966,-599.8118644067795,7
572,2022-12-24 08:03:00,2022-12-24 09:02:00,0.5625702643212739,274773.9123728813,-599.4627118644066,7
573,2022-12-24 08:04:00,2022-12-24 09:03:00,0.5622313227370418,274791.50467796606,-599.1881355932202,7
574,2022-12-24 08:05:00,2022-12-24 09:04:00,0.5506856394108361,274815.50766101695,-599.0508474576271,7
575,2022-12-24 08:06:00,2022-12-24 09:05:00,0.5397298583880006,274824.301559322,-599.2237288135593,7
576,2022-12-24 08:07:00,2022-12-24 09:06:00,0.524825160897836,274829.77776271186,-599.3966101694916,7
577,2022-12-24 08:08:00,2022-12-24 09:07:00,0.5308582128556412,274831.93522033904,-599.5694915254238,7
578,2022-12-24 08:09:00,2022-12-24 09:08:00,0.5123627743441074,274821.0449830509,-599.742372881356,7
579,2022-12-24 08:10:00,2022-12-24 09:09:00,0.5005956670877098,274787.37803389836,-599.9152542372884,7
580,2022-12-24 08:11:00,2022-12-24 09:10:00,0.48749959352829697,274753.6370169491,-600.0881355932205,7
581,2022-12-24 08:12:00,2022-12-24 09:11:00,0.48541313970513544,274753.3308983051,-600.2610169491527,7
582,2022-12-24 08:13:00,2022-12-24 09:12:00,0.48980051096825017,274741.05808474583,-600.4338983050849,7
583,2022-12-24 08:14:00,2022-12-24 09:13:00,0.4329269569665639,274728.7121525424,-600.9322033898308,7
584,2022-12-24 08:15:00,2022-12-24 09:14:00,0.4066966967900509,274718.4517288136,-601.4305084745764,7
585,2022-12-24 08:16:00,2022-12-24 09:15:00,0.407303526704683,274704.8723389831,-601.9288135593221,7
586,2022-12-24 08:17:00,2022-12-24 09:16:00,0.4026574549496889,274685.81138983055,-602.4271186440677,7
587,2022-12-24 08:18:00,2022-12-24 09:17:00,0.3634388886845755,274623.4337627119,-602.5033898305086,7
588,2022-12-24 08:19:00,2022-12-24 09:18:00,0.3590436327613132,274540.44037288136,-602.4508474576271,7
589,2022-12-24 08:20:00,2022-12-24 09:19:00,0.3536906040188428,274472.5052881356,-602.3593220338983,7
590,2022-12-24 08:21:00,2022-12-24 09:20:00,0.3351972428297644,274409.89984745765,-602.5661016949151,7
591,2022-12-24 08:22:00,2022-12-24 09:21:00,0.3143841901889351,274345.0563559322,-602.3932203389832,7
592,2022-12-24 08:23:00,2022-12-24 09:22:00,0.2897923206702106,274262.8411694915,-602.1084745762713,7
593,2022-12-24 08:24:00,2022-12-24 09:23:00,0.2547967487028679,274178.38530508475,-602.2186440677967,7
594,2022-12-24 08:25:00,2022-12-24 09:24:00,0.22308618082628878,274071.15244067804,-602.3288135593219,7
595,2022-12-24 08:26:00,2022-12-24 09:25:00,0.18473245542243255,273968.1671186441,-602.4389830508475,7
596,2022-12-24 08:27:00,2022-12-24 09:26:00,0.1725313044306896,273882.40067796607,-602.0,7
597,2022-12-24 08:28:00,2022-12-24 09:27:00,0.17780883402352257,273806.286440678,-601.5627118644069,7
598,2022-12-24 08:29:00,2022-12-24 09:28:00,0.19420551531302438,273739.82610169484,-601.328813559322,7
599,2022-12-24 08:30:00,2022-12-24 09:29:00,0.19210683677617438,273659.23610169487,-601.2762711864407,7
600,2022-12-24 08:31:00,2022-12-24 09:30:00,0.19645476601800116,273618.5662711864,-601.1474576271187,7
601,2022-12-24 08:32:00,2022-12-24 09:31:00,0.24149338398128767,273568.0912711864,-600.6864406779661,7
602,2022-12-24 08:33:00,2022-12-24 09:32:00,0.2660776196228642,273525.1061864407,-600.4237288135594,7
603,2022-12-24 08:34:00,2022-12-24 09:33:00,0.30525846798823975,273493.935338983,-600.4559322033898,7
604,2022-12-24 08:35:00,2022-12-24 09:34:00,0.32998626432220074,273439.9836440678,-600.557627118644,7
605,2022-12-24 08:36:00,2022-12-24 09:35:00,0.3501782277684765,273376.2268644067,-600.6593220338982,7
606,2022-12-24 08:37:00,2022-12-24 09:36:00,0.33359117876959626,273289.6901864407,-600.7610169491525,7
607,2022-12-24 08:38:00,2022-12-24 09:37:00,0.38898766105084726,273193.34655932203,-600.8627118644067,7
608,2022-12-24 08:39:00,2022-12-24 09:38:00,0.4352752766031124,273080.70994915254,-600.9644067796609,7
609,2022-12-24 08:40:00,2022-12-24 09:39:00,0.48276922800507677,273003.6685084746,-601.1677966101694,7
610,2022-12-24 08:41:00,2022-12-24 09:40:00,0.4662426074795012,272849.7982711864,-601.1796610169491,7
611,2022-12-24 08:42:00,2022-12-24 09:41:00,0.4889391492243487,272692.60488135595,-601.1915254237289,7
612,2022-12-24 08:43:00,2022-12-24 09:42:00,0.49187048595496746,272589.3853050847,-601.6915254237289,7
613,2022-12-24 08:44:00,2022-12-24 09:43:00,0.5000325371312473,272464.4672711864,-602.3559322033898,7
614,2022-12-24 08:45:00,2022-12-24 09:44:00,0.4850615331219163,272380.55032203393,-602.4355932203389,7
615,2022-12-24 08:46:00,2022-12-24 09:45:00,0.47215807966967155,272277.0963389831,-602.0779661016949,7
616,2022-12-24 08:47:00,2022-12-24 09:46:00,0.5031340996349648,272211.39972881356,-601.8271186440677,7
617,2022-12-24 08:48:00,2022-12-24 09:47:00,0.5065539353070059,272146.706779661,-601.4847457627119,7
618,2022-12-24 08:49:00,2022-12-24 09:48:00,0.5015154133234454,272073.28601694916,-601.2593220338983,7
619,2022-12-24 08:50:00,2022-12-24 09:49:00,0.5625670380909863,272011.678220339,-601.1203389830509,7
620,2022-12-24 08:51:00,2022-12-24 09:50:00,0.551793457292207,271941.34279661014,-600.9389830508475,7
621,2022-12-24 08:52:00,2022-12-24 09:51:00,0.5552770300568438,271880.6586440678,-600.9644067796611,7
622,2022-12-24 08:53:00,2022-12-24 09:52:00,0.5195324127132005,271817.7338983051,-600.8898305084746,7
623,2022-12-24 08:54:00,2022-12-24 09:53:00,0.5219252417400346,271705.00067796616,-600.693220338983,7
624,2022-12-24 08:55:00,2022-12-24 09:54:00,0.5242325015516914,271578.13355932204,-600.2949152542371,7
625,2022-12-24 08:56:00,2022-12-24 09:55:00,0.5193675858689668,271468.4838983051,-599.9525423728813,7
626,2022-12-24 08:57:00,2022-12-24 09:56:00,0.5023833990515865,271373.88915254234,-599.6949152542371,7
627,2022-12-24 08:58:00,2022-12-24 09:57:00,0.4804099814570745,271274.8914237288,-599.5847457627117,7
628,2022-12-24 08:59:00,2022-12-24 09:58:00,0.46964868246847086,271174.7312542373,-599.5118644067796,7
629,2022-12-24 09:00:00,2022-12-24 09:59:00,0.4539979025061109,271071.2508305085,-599.5847457627119,7
630,2022-12-24 09:01:00,2022-12-24 10:00:00,0.4517983624567344,270929.8521864406,-599.5440677966103,7
631,2022-12-24 09:02:00,2022-12-24 10:01:00,0.42476007187087367,270822.96523728815,-599.4338983050849,7
632,2022-12-24 09:03:00,2022-12-24 10:02:00,0.4319061060653326,270647.893779661,-599.1983050847459,7
633,2022-12-24 09:04:00,2022-12-24 10:03:00,0.43136143741396105,270473.8232542373,-598.6254237288138,7
634,2022-12-24 09:05:00,2022-12-24 10:04:00,0.46401948586575614,270235.8901016949,-597.6559322033899,7
635,2022-12-24 09:06:00,2022-12-24 10:05:00,0.4710559577760749,270059.4956949153,-596.8101694915255,7
636,2022-12-24 09:07:00,2022-12-24 10:06:00,0.45329119163423404,269845.1851864407,-596.1355932203389,7
637,2022-12-24 09:08:00,2022-12-24 10:07:00,0.42190295450369725,269677.2784915254,-595.335593220339,7
638,2022-12-24 09:09:00,2022-12-24 10:08:00,0.41196736836348546,269539.5584915254,-594.5355932203389,7
639,2022-12-24 09:10:00,2022-12-24 10:09:00,0.41124101233893745,269327.166118644,-593.4389830508475,7
640,2022-12-24 09:11:00,2022-12-24 10:10:00,0.4118836992542774,269117.9368983051,-592.3677966101694,7
641,2022-12-24 09:12:00,2022-12-24 10:11:00,0.41844456720115825,268931.3280169492,-591.3271186440678,7
642,2022-12-24 09:13:00,2022-12-24 10:12:00,0.4153332110483923,268752.2039491525,-590.2661016949153,7
643,2022-12-24 09:14:00,2022-12-24 10:13:00,0.3885117105068857,268756.7771694915,-589.0016949152543,7
644,2022-12-24 09:15:00,2022-12-24 10:14:00,0.3980780221850658,268674.78445762716,-587.7372881355933,7
645,2022-12-24 09:16:00,2022-12-24 10:15:00,0.4117594260275449,268602.43930508476,-586.4728813559324,7
646,2022-12-24 09:17:00,2022-12-24 10:16:00,0.43499095962235024,268536.49811864406,-585.6305084745763,7
647,2022-12-24 09:18:00,2022-12-24 10:17:00,0.513378838231221,268590.46998305083,-584.9169491525423,7
648,2022-12-24 09:19:00,2022-12-24 10:18:00,0.4938440557471945,268474.63727118645,-584.242372881356,7
649,2022-12-24 09:20:00,2022-12-24 10:19:00,0.5481800637270331,268427.90803389833,-583.2694915254239,7
650,2022-12-24 09:21:00,2022-12-24 10:20:00,0.6052060655098397,268383.25854237285,-582.6762711864407,7
651,2022-12-24 09:22:00,2022-12-24 10:21:00,0.6064764502802028,268323.39159322035,-582.0728813559323,7
652,2022-12-24 09:23:00,2022-12-24 10:22:00,0.5766515533362969,268210.47159322037,-581.0745762711863,7
653,2022-12-24 09:24:00,2022-12-24 10:23:00,0.5982548889531337,268208.8148983052,-580.0762711864405,7
654,2022-12-24 09:25:00,2022-12-24 10:24:00,0.5962148497245787,268181.13100000005,-579.0779661016948,7
655,2022-12-24 09:26:00,2022-12-24 10:25:00,0.558883110938251,268106.88100000005,-578.6288135593219,7
656,2022-12-24 09:27:00,2022-12-24 10:26:00,0.570882545903677,268060.65462711855,-578.1779661016948,7
657,2022-12-24 09:28:00,2022-12-24 10:27:00,0.5554230361166622,267931.1044576271,-578.5745762711863,7
658,2022-12-24 09:29:00,2022-12-24 10:28:00,0.5553881471988916,267924.7085254238,-579.0762711864406,7
659,2022-12-24 09:30:00,2022-12-24 10:29:00,0.552507568152051,267791.747338983,-579.1338983050848,7
660,2022-12-24 09:31:00,2022-12-24 10:30:00,0.5242816655190421,267779.77903389826,-579.291525423729,7
661,2022-12-24 09:32:00,2022-12-24 10:31:00,0.5371041269431092,267696.377677966,-579.2508474576273,7
662,2022-12-24 09:33:00,2022-12-24 10:32:00,0.5221146675904361,267649.6481016949,-578.9152542372883,7
663,2022-12-24 09:34:00,2022-12-24 10:33:00,0.5311914737589685,267577.97132203385,-579.0152542372883,7
664,2022-12-24 09:35:00,2022-12-24 10:34:00,0.5329346691696063,267555.93861016945,-579.1152542372882,7
665,2022-12-24 09:36:00,2022-12-24 10:35:00,0.5170468510705201,267421.3916610169,-578.4118644067796,7
666,2022-12-24 09:37:00,2022-12-24 10:36:00,0.506995997567222,267366.7570847458,-577.8305084745763,7
667,2022-12-24 09:38:00,2022-12-24 10:37:00,0.49996803262312994,267386.6309830509,-577.3474576271186,7
668,2022-12-24 09:39:00,2022-12-24 10:38:00,0.49998155052433735,267428.03945762716,-577.0847457627119,7
669,2022-12-24 09:40:00,2022-12-24 10:39:00,0.4924484273913395,267549.3589491526,-576.957627118644,7
670,2022-12-24 09:41:00,2022-12-24 10:40:00,0.48724054334088496,267644.64996610174,-577.228813559322,7
671,2022-12-24 09:42:00,2022-12-24 10:41:00,0.47640547739451117,267693.37215254235,-576.9016949152543,7
672,2022-12-24 09:43:00,2022-12-24 10:42:00,0.4411966260197164,267799.3024915254,-576.2915254237289,7
673,2022-12-24 09:44:00,2022-12-24 10:43:00,0.4440494673138101,267839.2043559322,-575.7661016949153,7
674,2022-12-24 09:45:00,2022-12-24 10:44:00,0.45234220019790045,267949.2890169492,-575.2593220338982,7
675,2022-12-24 09:46:00,2022-12-24 10:45:00,0.46391807676119073,268017.12664406776,-574.7847457627117,7
676,2022-12-24 09:47:00,2022-12-24 10:46:00,0.4603126674332461,268093.528,-574.4016949152542,7
677,2022-12-24 09:48:00,2022-12-24 10:47:00,0.4368340814616317,268083.3580847457,-574.3000000000001,7
678,2022-12-24 09:49:00,2022-12-24 10:48:00,0.4282851867289013,268166.0731694914,-574.1474576271187,7
679,2022-12-24 09:50:00,2022-12-24 10:49:00,0.4236554926440163,268187.0818135592,-574.0864406779662,7
680,2022-12-24 09:51:00,2022-12-24 10:50:00,0.4173803338625479,268228.54291525413,-573.8220338983051,7
681,2022-12-24 09:52:00,2022-12-24 10:51:00,0.435800562491788,268356.39952542365,-573.6576271186441,7
682,2022-12-24 09:53:00,2022-12-24 10:52:00,0.4229785857594621,268443.0909830508,-573.5474576271187,7
683,2022-12-24 09:54:00,2022-12-24 10:53:00,0.4146564274577436,268590.23505084746,-573.6372881355932,7
684,2022-12-24 09:55:00,2022-12-24 10:54:00,0.407405697932599,268673.50861016946,-573.7271186440678,7
685,2022-12-24 09:56:00,2022-12-24 10:55:00,0.40687747248333017,268740.48013559316,-573.8169491525423,7
686,2022-12-24 09:57:00,2022-12-24 10:56:00,0.4277703566892273,268856.01174576266,-573.7593220338983,7
687,2022-12-24 09:58:00,2022-12-24 10:57:00,0.4346945903212613,268971.4547118644,-573.642372881356,7
688,2022-12-24 09:59:00,2022-12-24 10:58:00,0.43935429987231567,269119.240559322,-573.3796610169492,7
689,2022-12-24 10:00:00,2022-12-24 10:59:00,0.43962471158070177,269330.7214915255,-573.2305084745763,7
690,2022-12-24 10:01:00,2022-12-24 11:00:00,0.45912604758064773,269496.7112372882,-573.0813559322035,7
691,2022-12-24 10:02:00,2022-12-24 11:01:00,0.4541239925745945,269735.0394576272,-572.9830508474577,7
692,2022-12-24 10:03:00,2022-12-24 11:02:00,0.4441466789986617,269965.7132711864,-573.6745762711865,7
693,2022-12-24 10:04:00,2022-12-24 11:03:00,0.43083701733204194,270177.9211694914,-574.7627118644069,7
694,2022-12-24 10:05:00,2022-12-24 11:04:00,0.41599985360731817,270308.9625254237,-575.7271186440678,7
695,2022-12-24 10:06:00,2022-12-24 11:05:00,0.39139258631388074,270488.5615084745,-576.520338983051,7
696,2022-12-24 10:07:00,2022-12-24 11:06:00,0.34715085984185245,270636.7207457627,-577.4389830508476,7
697,2022-12-24 10:08:00,2022-12-24 11:07:00,0.3651504612699945,270743.71269491524,-578.3576271186441,7
698,2022-12-24 10:09:00,2022-12-24 11:08:00,0.34300866393212287,270925.2051525424,-579.242372881356,7
699,2022-12-24 10:10:00,2022-12-24 11:09:00,0.3358065663175291,271124.98650847457,-580.1016949152544,7
700,2022-12-24 10:11:00,2022-12-24 11:10:00,0.3244088497815371,271292.2476949152,-580.9983050847459,7
701,2022-12-24 10:12:00,2022-12-24 11:11:00,0.31635393053160127,271452.9318474576,-581.5898305084747,7
702,2022-12-24 10:13:00,2022-12-24 11:12:00,0.31609566180816706,271431.9110847458,-582.384745762712,7
703,2022-12-24 10:14:00,2022-12-24 11:13:00,0.30940873987935125,271465.93254237284,-583.1796610169492,7
704,2022-12-24 10:15:00,2022-12-24 11:14:00,0.31463149809409147,271562.5650847458,-583.9745762711866,7
705,2022-12-24 10:16:00,2022-12-24 11:15:00,0.31907952100632114,271676.4032203391,-584.7694915254239,7
706,2022-12-24 10:17:00,2022-12-24 11:16:00,0.30617720160486905,271622.58966101694,-585.5644067796612,7
707,2022-12-24 10:18:00,2022-12-24 11:17:00,0.29355596721961996,271728.6779661016,-586.3593220338985,7
708,2022-12-24 10:19:00,2022-12-24 11:18:00,0.2729421456210348,271769.8137288135,-587.1542372881358,7
709,2022-12-24 10:20:00,2022-12-24 11:19:00,0.23800405526708932,271810.85762711865,-587.9491525423731,7
710,2022-12-24 10:21:00,2022-12-24 11:20:00,0.2119115263171896,271884.2401694915,-588.8661016949153,7
711,2022-12-24 10:22:00,2022-12-24 11:21:00,0.19014972759470486,272012.6659322034,-589.7830508474578,7
712,2022-12-24 10:23:00,2022-12-24 11:22:00,0.17787567161247075,272053.43559322035,-590.7000000000002,7
713,2022-12-24 10:24:00,2022-12-24 11:23:00,0.16704961641280577,272096.27525423723,-591.6169491525426,7
714,2022-12-24 10:25:00,2022-12-24 11:24:00,0.12837360457882632,272183.3438983051,-592.533898305085,7
715,2022-12-24 10:26:00,2022-12-24 11:25:00,0.11292318095942143,272232.48383050854,-593.4508474576273,7
716,2022-12-24 10:27:00,2022-12-24 11:26:00,0.08306241524414212,272355.04213559325,-593.3169491525425,7
717,2022-12-24 10:28:00,2022-12-24 11:27:00,0.06674265778806038,272392.1055254237,-593.249152542373,7
718,2022-12-24 10:29:00,2022-12-24 11:28:00,0.0726085890929653,272545.82891525433,-593.6559322033901,7
719,2022-12-24 10:30:00,2022-12-24 11:29:00,0.0895801744648853,272575.1378135593,-594.1898305084748,7
720,2022-12-24 10:31:00,2022-12-24 11:30:00,0.11574260420118117,272661.65103389835,-594.7237288135595,7
721,2022-12-24 10:32:00,2022-12-24 11:31:00,0.14110901498644784,272699.4229830508,-595.2576271186442,7
722,2022-12-24 10:33:00,2022-12-24 11:32:00,0.15760352032963693,272771.694,-595.2864406779662,7
723,2022-12-24 10:34:00,2022-12-24 11:33:00,0.16820496544138613,272798.4663728813,-595.3152542372884,7
724,2022-12-24 10:35:00,2022-12-24 11:34:00,0.08405973957405631,273022.97611864406,-596.5525423728815,7
725,2022-12-24 10:36:00,2022-12-24 11:35:00,0.05590841577190924,273146.8545932203,-597.5796610169492,7
726,2022-12-24 10:37:00,2022-12-24 11:36:00,-0.011419707238712088,273253.34069491527,-598.5084745762712,7
727,2022-12-24 10:38:00,2022-12-24 11:37:00,0.035267225781221,273298.1149322034,-599.2169491525424,7
728,2022-12-24 10:39:00,2022-12-24 11:38:00,0.05031041002039905,273323.3349322034,-599.9813559322034,7
729,2022-12-24 10:40:00,2022-12-24 11:39:00,0.0949998459036071,273373.3223898305,-600.3474576271186,7
730,2022-12-24 10:41:00,2022-12-24 11:40:00,0.13915809212245203,273416.7282542373,-600.8237288135593,7
731,2022-12-24 10:42:00,2022-12-24 11:41:00,0.16826450225118939,273416.79774576274,-601.4186440677965,7
732,2022-12-24 10:43:00,2022-12-24 11:42:00,0.16883387671743746,273436.2292033898,-601.9288135593221,7
733,2022-12-24 10:44:00,2022-12-24 11:43:00,0.18215558534915138,273409.0793050848,-602.857627118644,7
734,2022-12-24 10:45:00,2022-12-24 11:44:00,0.20835078609778623,273382.91506779654,-603.786440677966,7
735,2022-12-24 10:46:00,2022-12-24 11:45:00,0.22610612734797464,273345.84261016943,-604.715254237288,7
736,2022-12-24 10:47:00,2022-12-24 11:46:00,0.26193825560222794,273392.9959322034,-605.3627118644068,7
737,2022-12-24 10:48:00,2022-12-24 11:47:00,0.25494537006408335,273352.48627118644,-606.0101694915254,7
738,2022-12-24 10:49:00,2022-12-24 11:48:00,0.24559600590502642,273373.4995762712,-606.6576271186441,7
739,2022-12-24 10:50:00,2022-12-24 11:49:00,0.26951983689058767,273355.4988983051,-607.3016949152543,7
740,2022-12-24 10:51:00,2022-12-24 11:50:00,0.28442424396762456,273246.59432203387,-607.9457627118644,7
741,2022-12-24 10:52:00,2022-12-24 11:51:00,0.3226490837451542,273158.1316779661,-608.5898305084746,7
742,2022-12-24 10:53:00,2022-12-24 11:52:00,0.3389990649897052,273004.7081186441,-608.957627118644,7
743,2022-12-24 10:54:00,2022-12-24 11:53:00,0.4120991252361298,272908.48225423734,-609.3254237288135,7
744,2022-12-24 10:55:00,2022-12-24 11:54:00,0.5074739998209822,272787.2936101695,-609.693220338983,7
745,2022-12-24 10:56:00,2022-12-24 11:55:00,0.5013608333878969,272616.27816949156,-609.9813559322033,7
746,2022-12-24 10:57:00,2022-12-24 11:56:00,0.5037615102428508,272444.0832542372,-610.015254237288,7
747,2022-12-24 10:58:00,2022-12-24 11:57:00,0.5119228328775641,272266.3838474577,-610.0016949152541,7
748,2022-12-24 10:59:00,2022-12-24 11:58:00,0.47417567340299377,272057.23522033903,-610.4118644067795,7
749,2022-12-24 11:00:00,2022-12-24 11:59:00,0.45390051395578396,271860.9586949154,-610.8677966101693,7
750,2022-12-24 11:01:00,2022-12-24 12:00:00,0.4535769395869966,271666.74522033904,-611.1711864406778,7
751,2022-12-24 11:02:00,2022-12-24 12:01:00,0.4709066533651254,271459.45894915255,-610.884745762712,7
752,2022-12-24 11:03:00,2022-12-24 12:02:00,0.5003279894363182,271347.20335593214,-610.5898305084745,7
753,2022-12-24 11:04:00,2022-12-24 12:03:00,0.5223682853048098,271208.90318644076,-609.9728813559323,7
754,2022-12-24 11:05:00,2022-12-24 12:04:00,0.5377446164195744,271073.7449491525,-609.3661016949152,7
755,2022-12-24 11:06:00,2022-12-24 12:05:00,0.5206843365447195,270970.91935593216,-608.5593220338982,7
756,2022-12-24 11:07:00,2022-12-24 12:06:00,0.5012590202767311,270843.12638983043,-608.1881355932202,7
757,2022-12-24 11:08:00,2022-12-24 12:07:00,0.47762012972727763,270678.4770677966,-608.157627118644,7
758,2022-12-24 11:09:00,2022-12-24 12:08:00,0.4596345930417891,270516.9702881356,-607.9966101694915,7
759,2022-12-24 11:10:00,2022-12-24 12:09:00,0.4388991772792468,270353.19730508473,-607.7440677966102,7
760,2022-12-24 11:11:00,2022-12-24 12:10:00,0.4362334076645528,270210.94349152537,-607.4593220338983,7
761,2022-12-24 11:12:00,2022-12-24 12:11:00,0.4344719909730624,270073.99096610164,-607.3,7
762,2022-12-24 11:13:00,2022-12-24 12:12:00,0.4341661116786074,269965.0452711864,-607.0644067796611,7
763,2022-12-24 11:14:00,2022-12-24 12:13:00,0.42789397213348196,269798.6996779661,-607.1796610169491,7
764,2022-12-24 11:15:00,2022-12-24 12:14:00,0.41931991841433053,269635.4945932204,-607.1033898305086,7
765,2022-12-24 11:16:00,2022-12-24 12:15:00,0.4296201813546651,269471.1061186441,-606.1983050847457,7
766,2022-12-24 11:17:00,2022-12-24 12:16:00,0.43994363798404656,269280.6680677966,-605.4677966101694,7
767,2022-12-24 11:18:00,2022-12-24 12:17:00,0.43882646230248623,269158.23162711866,-604.9338983050849,7
768,2022-12-24 11:19:00,2022-12-24 12:18:00,0.4322772178608139,269052.9884067796,-604.9830508474577,7
769,2022-12-24 11:20:00,2022-12-24 12:19:00,0.43582570316979913,268918.45433898305,-605.1677966101694,7
770,2022-12-24 11:21:00,2022-12-24 12:20:00,0.43707465246099,268793.5417966102,-605.3525423728812,7
771,2022-12-24 11:22:00,2022-12-24 12:21:00,0.4327637823650574,268665.28137288144,-605.5372881355931,7
772,2022-12-24 11:23:00,2022-12-24 12:22:00,0.4368467829734651,268522.8623898305,-605.722033898305,7
773,2022-12-24 11:24:00,2022-12-24 12:23:00,0.428934896793938,268445.20035593223,-605.9067796610168,7
774,2022-12-24 11:25:00,2022-12-24 12:24:00,0.44252879750521057,268303.65205084754,-606.0915254237287,7
775,2022-12-24 11:26:00,2022-12-24 12:25:00,0.4335762424715251,268224.6969661017,-606.2762711864405,7
776,2022-12-24 11:27:00,2022-12-24 12:26:00,0.4439691498711645,268103.475440678,-606.4610169491525,7
777,2022-12-24 11:28:00,2022-12-24 12:27:00,0.428463654528953,267986.47111864405,-606.6457627118642,7
778,2022-12-24 11:29:00,2022-12-24 12:28:00,0.4105282778153538,267872.603661017,-606.386440677966,7
779,2022-12-24 11:30:00,2022-12-24 12:29:00,0.4028353891100735,267768.35671186436,-606.1271186440678,7
780,2022-12-24 11:31:00,2022-12-24 12:30:00,0.3755064815496673,267671.5695932203,-605.8677966101694,7
781,2022-12-24 11:32:00,2022-12-24 12:31:00,0.35663500475101084,267591.9724745762,-605.793220338983,7
782,2022-12-24 11:33:00,2022-12-24 12:32:00,0.3515154597730853,267510.1042372882,-605.7813559322034,7
783,2022-12-24 11:34:00,2022-12-24 12:33:00,0.350409296502715,267347.0509322033,-605.3966101694914,7
784,2022-12-24 11:35:00,2022-12-24 12:34:00,0.3539276600226829,267173.07822033897,-604.1915254237289,7
785,2022-12-24 11:36:00,2022-12-24 12:35:00,0.32672974594436216,266981.6998135593,-602.986440677966,7
786,2022-12-24 11:37:00,2022-12-24 12:36:00,0.3147727235294795,266757.7808305084,-601.7813559322035,7
787,2022-12-24 11:38:00,2022-12-24 12:37:00,0.3109053864194133,266517.5362542373,-600.5762711864406,7
788,2022-12-24 11:39:00,2022-12-24 12:38:00,0.29123352219343274,266269.61574576277,-599.371186440678,7
789,2022-12-24 11:40:00,2022-12-24 12:39:00,0.2591652667000332,266014.017440678,-598.1661016949153,7
790,2022-12-24 11:41:00,2022-12-24 12:40:00,0.236303704830438,265748.5781186441,-596.9610169491526,7
791,2022-12-24 11:42:00,2022-12-24 12:41:00,0.20377841035605407,265478.70530508476,-595.7559322033898,7
792,2022-12-24 11:43:00,2022-12-24 12:42:00,0.19919626175855,265204.3965593221,-594.5508474576272,7
793,2022-12-24 11:44:00,2022-12-24 12:43:00,0.19005112187080112,264951.59859322035,-593.2610169491526,7
794,2022-12-24 11:45:00,2022-12-24 12:44:00,0.1748514896152144,264721.38935593225,-591.971186440678,7
795,2022-12-24 11:46:00,2022-12-24 12:45:00,0.1206456949337124,264501.87891525426,-590.6813559322035,7
796,2022-12-24 11:47:00,2022-12-24 12:46:00,0.12309372864931747,264301.71544067794,-589.3915254237288,7
797,2022-12-24 11:48:00,2022-12-24 12:47:00,0.11705433469877793,264110.0880677966,-588.306779661017,7
798,2022-12-24 11:49:00,2022-12-24 12:48:00,0.12673776408684057,263911.8611186441,-587.2220338983051,7
799,2022-12-24 11:50:00,2022-12-24 12:49:00,0.1765150848018808,263712.43908474577,-586.1372881355933,7
800,2022-12-24 11:51:00,2022-12-24 12:50:00,0.20378767170520828,263574.5229830509,-585.0525423728815,7
801,2022-12-24 11:52:00,2022-12-24 12:51:00,0.2541721965218953,263454.87027118646,-584.2440677966102,7
802,2022-12-24 11:53:00,2022-12-24 12:52:00,0.3188195548222175,263324.29393220344,-583.435593220339,7
803,2022-12-24 11:54:00,2022-12-24 12:53:00,0.38819411006030075,263215.2232542373,-582.6271186440678,7
804,2022-12-24 11:55:00,2022-12-24 12:54:00,0.38697540260479807,263099.552,-581.8983050847457,7
805,2022-12-24 11:56:00,2022-12-24 12:55:00,0.4164992634365255,262995.656661017,-581.1610169491526,7
806,2022-12-24 11:57:00,2022-12-24 12:56:00,0.43325898420922776,262878.67361016956,-580.471186440678,7
807,2022-12-24 11:58:00,2022-12-24 12:57:00,0.4379061674338923,262697.7935084746,-579.3576271186441,7
808,2022-12-24 11:59:00,2022-12-24 12:58:00,0.4664490194274017,262477.87954237295,-578.1983050847458,7
809,2022-12-24 12:00:00,2022-12-24 12:59:00,0.4931365423376796,262270.82327118644,-577.1084745762712,7
810,2022-12-24 12:01:00,2022-12-24 13:00:00,0.4491805472077515,262033.38005084745,-576.0186440677966,7
811,2022-12-24 12:02:00,2022-12-24 13:01:00,0.4384401329417885,261789.33564406785,-575.1491525423728,7
812,2022-12-24 12:03:00,2022-12-24 13:02:00,0.44616577194084966,261657.60089830513,-574.6016949152543,7
813,2022-12-24 12:04:00,2022-12-24 13:03:00,0.4541917984367226,261522.50371186444,-574.0440677966102,7
814,2022-12-24 12:05:00,2022-12-24 13:04:00,0.45567629409441185,261310.5338813559,-573.6864406779661,7
815,2022-12-24 12:06:00,2022-12-24 13:05:00,0.4438808763685388,261197.90133898312,-572.893220338983,7
816,2022-12-24 12:07:00,2022-12-24 13:06:00,0.44930829729945576,261104.61023728817,-572.3389830508474,7
817,2022-12-24 12:08:00,2022-12-24 13:07:00,0.45254755912632905,260997.14481355937,-571.9152542372883,7
818,2022-12-24 12:09:00,2022-12-24 13:08:00,0.46858766987318257,260902.5333898305,-571.5152542372881,7
819,2022-12-24 12:10:00,2022-12-24 13:09:00,0.4690192352775398,260779.6952542373,-571.2864406779661,7
820,2022-12-24 12:11:00,2022-12-24 13:10:00,0.4399065082376651,260665.3848135594,-570.9322033898305,7
821,2022-12-24 12:12:00,2022-12-24 13:11:00,0.40424887839543655,260530.41244067793,-570.6542372881356,7
822,2022-12-24 12:13:00,2022-12-24 13:12:00,0.3980731270227783,260399.64430508474,-570.0254237288135,7
823,2022-12-24 12:14:00,2022-12-24 13:13:00,0.35811424972835404,260238.4868474576,-569.5881355932203,7
824,2022-12-24 12:15:00,2022-12-24 13:14:00,0.35877833566491185,260171.25583050845,-569.9084745762713,7
825,2022-12-24 12:16:00,2022-12-24 13:15:00,0.32748337266940436,260119.03998305078,-570.0237288135594,7
826,2022-12-24 12:17:00,2022-12-24 13:16:00,0.3545859564161968,260029.94496610167,-569.8389830508476,7
827,2022-12-24 12:18:00,2022-12-24 13:17:00,0.261164274597852,259857.48649152543,-569.071186440678,7
828,2022-12-24 12:19:00,2022-12-24 13:18:00,0.26448926742959233,259751.92750847462,-568.1677966101695,7
829,2022-12-24 12:20:00,2022-12-24 13:19:00,0.21766521042853992,259582.46428813558,-567.264406779661,7
830,2022-12-24 12:21:00,2022-12-24 13:20:00,0.23208500250415345,259483.1460677965,-566.3610169491526,7
831,2022-12-24 12:22:00,2022-12-24 13:21:00,0.2161016022913701,259366.40657627117,-565.3779661016949,7
832,2022-12-24 12:23:00,2022-12-24 13:22:00,0.16305247020419544,259155.49250847462,-564.4000000000001,7
833,2022-12-24 12:24:00,2022-12-24 13:23:00,0.1466916332900295,259086.0671525424,-563.6627118644068,7
834,2022-12-24 12:25:00,2022-12-24 13:24:00,0.1375794118577955,258945.1697627119,-562.5932203389831,7
835,2022-12-24 12:26:00,2022-12-24 13:25:00,0.15405428969213028,258838.73959322035,-561.4525423728813,7
836,2022-12-24 12:27:00,2022-12-24 13:26:00,0.15437075782755136,258723.53374576272,-560.5152542372881,7
837,2022-12-24 12:28:00,2022-12-24 13:27:00,0.17479098721509517,258702.2523898305,-560.2271186440679,7
838,2022-12-24 12:29:00,2022-12-24 13:28:00,0.19681290624974074,258679.76306779665,-560.1372881355932,7
839,2022-12-24 12:30:00,2022-12-24 13:29:00,0.23046654156312804,258657.14662711867,-560.0118644067798,7
840,2022-12-24 12:31:00,2022-12-24 13:30:00,0.26778437278182854,258610.61832203384,-559.7389830508474,7
841,2022-12-24 12:32:00,2022-12-24 13:31:00,0.32295007254859265,258574.77232203388,-559.4186440677965,7
842,2022-12-24 12:33:00,2022-12-24 13:32:00,0.36133397945771767,258510.69018644065,-559.0847457627119,7
843,2022-12-24 12:34:00,2022-12-24 13:33:00,0.3713655382230605,258470.26008474577,-559.4508474576271,7
844,2022-12-24 12:35:00,2022-12-24 13:34:00,0.44420953523265017,258437.26957627124,-559.9474576271186,7
845,2022-12-24 12:36:00,2022-12-24 13:35:00,0.45550902125473836,258488.46981355932,-560.4440677966103,7
846,2022-12-24 12:37:00,2022-12-24 13:36:00,0.4960059512523484,258535.21676271182,-561.0016949152543,7
847,2022-12-24 12:38:00,2022-12-24 13:37:00,0.549841339689726,258573.1837118644,-561.5593220338983,7
848,2022-12-24 12:39:00,2022-12-24 13:38:00,0.5647043100122277,258646.69345762712,-562.1169491525424,7
849,2022-12-24 12:40:00,2022-12-24 13:39:00,0.5540699656583591,258727.64006779663,-562.6745762711865,7
850,2022-12-24 12:41:00,2022-12-24 13:40:00,0.5441374081787219,258811.69667796604,-563.2322033898306,7
851,2022-12-24 12:42:00,2022-12-24 13:41:00,0.5861714515207043,258884.81033898308,-563.7898305084746,7
852,2022-12-24 12:43:00,2022-12-24 13:42:00,0.6012315613327079,258969.6808474576,-564.4322033898305,7
853,2022-12-24 12:44:00,2022-12-24 13:43:00,0.5838029285572504,259043.61033898307,-565.0745762711865,7
854,2022-12-24 12:45:00,2022-12-24 13:44:00,0.5295878143966984,259099.02796610168,-565.7169491525424,7
855,2022-12-24 12:46:00,2022-12-24 13:45:00,0.4887328674872305,259141.33855932212,-566.3593220338984,7
856,2022-12-24 12:47:00,2022-12-24 13:46:00,0.4505248829011301,259145.67710169486,-566.7966101694915,7
857,2022-12-24 12:48:00,2022-12-24 13:47:00,0.3958520732314936,259144.47649152542,-567.2338983050848,7
858,2022-12-24 12:49:00,2022-12-24 13:48:00,0.3404902117286399,259147.4649661017,-567.6711864406781,7
859,2022-12-24 12:50:00,2022-12-24 13:49:00,0.2701911706897896,259145.99300000005,-568.1084745762712,7
860,2022-12-24 12:51:00,2022-12-24 13:50:00,0.22847463449859742,259134.65571186447,-568.5457627118644,7
861,2022-12-24 12:52:00,2022-12-24 13:51:00,0.25309231570364804,259112.37011864415,-568.9830508474578,7
862,2022-12-24 12:53:00,2022-12-24 13:52:00,0.29816775621962843,259091.02961016953,-569.4203389830509,7
863,2022-12-24 12:54:00,2022-12-24 13:53:00,0.3418753855409435,259091.17120338988,-570.235593220339,7
864,2022-12-24 12:55:00,2022-12-24 13:54:00,0.37199185596894946,259080.36533898296,-571.4610169491526,7
865,2022-12-24 12:56:00,2022-12-24 13:55:00,0.3967610414281875,259091.04245762707,-572.7983050847458,7
866,2022-12-24 12:57:00,2022-12-24 13:56:00,0.4564465256657178,259138.33398305083,-574.1355932203389,7
867,2022-12-24 12:58:00,2022-12-24 13:57:00,0.5173568820963528,259211.43235593213,-575.4728813559323,7
868,2022-12-24 12:59:00,2022-12-24 13:58:00,0.5249076382121436,259271.41761016945,-576.8932203389832,7
869,2022-12-24 13:00:00,2022-12-24 13:59:00,0.5290296058417818,259387.4788983051,-578.313559322034,7
870,2022-12-24 13:01:00,2022-12-24 14:00:00,0.5342723465505305,259517.45025423728,-579.8745762711865,7
871,2022-12-24 13:02:00,2022-12-24 14:01:00,0.5425673873594328,259582.41762711864,-581.4355932203389,7
872,2022-12-24 13:03:00,2022-12-24 14:02:00,0.5469772259108066,259629.94864406786,-582.9966101694914,7
873,2022-12-24 13:04:00,2022-12-24 14:03:00,0.5495989806973728,259709.76949152548,-584.4593220338983,7
874,2022-12-24 13:05:00,2022-12-24 14:04:00,0.5447872204744165,259737.55871186435,-585.9220338983052,7
875,2022-12-24 13:06:00,2022-12-24 14:05:00,0.5451813984490012,259790.0668474577,-587.084745762712,7
876,2022-12-24 13:07:00,2022-12-24 14:06:00,0.5232800268105021,259822.97481355933,-588.2474576271187,7
877,2022-12-24 13:08:00,2022-12-24 14:07:00,0.5369857198641182,259847.09210169496,-589.4101694915255,7
878,2022-12-24 13:09:00,2022-12-24 14:08:00,0.5766759101444028,259861.33471186442,-590.5118644067799,7
879,2022-12-24 13:10:00,2022-12-24 14:09:00,0.6239078100031024,259855.975661017,-591.613559322034,7
880,2022-12-24 13:11:00,2022-12-24 14:10:00,0.6901845672641354,259872.09210169496,-592.7152542372883,7
881,2022-12-24 13:12:00,2022-12-24 14:11:00,0.7178320936561755,259863.19922033895,-593.8169491525424,7
882,2022-12-24 13:13:00,2022-12-24 14:12:00,0.7345751256746486,259875.7803050847,-594.9186440677967,7
883,2022-12-24 13:14:00,2022-12-24 14:13:00,0.7292846398900149,259852.54250847455,-596.0915254237287,7
884,2022-12-24 13:15:00,2022-12-24 14:14:00,0.75217391367696,259838.8869152543,-597.2949152542374,7
885,2022-12-24 13:16:00,2022-12-24 14:15:00,0.7518687438077918,259791.5723389831,-598.6016949152543,7
886,2022-12-24 13:17:00,2022-12-24 14:16:00,0.7278171073279142,259805.7299661017,-599.9084745762713,7
887,2022-12-24 13:18:00,2022-12-24 14:17:00,0.7051984615638723,259779.74233898305,-601.215254237288,7
888,2022-12-24 13:19:00,2022-12-24 14:18:00,0.6706753465168733,259803.33589830506,-602.5220338983052,7
889,2022-12-24 13:20:00,2022-12-24 14:19:00,0.6571655024244053,259752.18725423727,-603.8288135593219,7
890,2022-12-24 13:21:00,2022-12-24 14:20:00,0.6337883855940707,259748.45640677965,-605.2152542372883,7
891,2022-12-24 13:22:00,2022-12-24 14:21:00,0.6686869059844377,259768.3586101695,-606.5966101694916,7
892,2022-12-24 13:23:00,2022-12-24 14:22:00,0.6490876793431685,259709.1965084746,-607.7372881355932,7
893,2022-12-24 13:24:00,2022-12-24 14:23:00,0.6173672936806974,259654.20711864412,-607.9050847457626,7
894,2022-12-24 13:25:00,2022-12-24 14:24:00,0.5706662870646901,259607.7166101695,-608.1440677966102,7
895,2022-12-24 13:26:00,2022-12-24 14:25:00,0.5124149141750745,259575.1305084746,-608.1796610169492,7
896,2022-12-24 13:27:00,2022-12-24 14:26:00,0.44939663079388487,259444.0169491525,-607.8983050847457,7
897,2022-12-24 13:28:00,2022-12-24 14:27:00,0.41822537067974813,259295.45677966095,-607.4186440677965,7
898,2022-12-24 13:29:00,2022-12-24 14:28:00,0.37806467375686,259132.69169491524,-606.9745762711866,7
899,2022-12-24 13:30:00,2022-12-24 14:29:00,0.3436396962390489,258971.937118644,-606.4932203389831,7
900,2022-12-24 13:31:00,2022-12-24 14:30:00,0.33112618935847316,258796.9762711865,-605.9966101694915,7
901,2022-12-24 13:32:00,2022-12-24 14:31:00,0.3037340213189221,258652.1329830509,-605.4813559322034,7
902,2022-12-24 13:33:00,2022-12-24 14:32:00,0.31105111973832017,258520.1122372882,-605.1745762711867,7
903,2022-12-24 13:34:00,2022-12-24 14:33:00,0.31184222597315575,258344.69623728824,-604.7372881355933,7
904,2022-12-24 13:35:00,2022-12-24 14:34:00,0.30802604988236526,258112.913118644,-604.3000000000001,7
905,2022-12-24 13:36:00,2022-12-24 14:35:00,0.3095342707588175,257897.19142372883,-603.8016949152543,7
906,2022-12-24 13:37:00,2022-12-24 14:36:00,0.30065629950856076,257696.4517627118,-603.3033898305086,7
907,2022-12-24 13:38:00,2022-12-24 14:37:00,0.2792540165953925,257465.2897288135,-602.8050847457629,7
908,2022-12-24 13:39:00,2022-12-24 14:38:00,0.2585205798402463,257238.2976101694,-602.306779661017,7
909,2022-12-24 13:40:00,2022-12-24 14:39:00,0.24501535069918629,257018.7209152542,-601.8084745762712,7
910,2022-12-24 13:41:00,2022-12-24 14:40:00,0.23857854792887315,256819.5311525424,-601.3101694915256,7
911,2022-12-24 13:42:00,2022-12-24 14:41:00,0.22387111253210115,256597.48589830508,-600.8118644067797,7
912,2022-12-24 13:43:00,2022-12-24 14:42:00,0.20939491285619988,256379.60945762706,-600.313559322034,7
913,2022-12-24 13:44:00,2022-12-24 14:43:00,0.18017415986716948,256168.06471186434,-599.8152542372883,7
914,2022-12-24 13:45:00,2022-12-24 14:44:00,0.14337565446080452,255956.36844067794,-599.3169491525424,7
915,2022-12-24 13:46:00,2022-12-24 14:45:00,0.11386264427810773,255755.32796610164,-598.8186440677966,7
916,2022-12-24 13:47:00,2022-12-24 14:46:00,0.0991667918316009,255568.18832203382,-598.3203389830509,7
917,2022-12-24 13:48:00,2022-12-24 14:47:00,0.08554844314065736,255370.08416949154,-597.8220338983052,7
918,2022-12-24 13:49:00,2022-12-24 14:48:00,0.08008295163420259,255170.74647457627,-597.3237288135595,7
919,2022-12-24 13:50:00,2022-12-24 14:49:00,0.06044944897203245,254962.60732203384,-596.8254237288137,7
920,2022-12-24 13:51:00,2022-12-24 14:50:00,0.08393864437443314,254812.69164406773,-596.491525423729,7
921,2022-12-24 13:52:00,2022-12-24 14:51:00,0.16748209016561125,254740.4587627118,-596.157627118644,7
922,2022-12-24 13:53:00,2022-12-24 14:52:00,0.2424230577125597,254665.910898305,-595.3525423728813,7
923,2022-12-24 13:54:00,2022-12-24 14:53:00,0.29187576662733894,254581.48269491523,-594.4,7
924,2022-12-24 13:55:00,2022-12-24 14:54:00,0.32304823150155176,254469.8760847457,-593.3355932203389,7
925,2022-12-24 13:56:00,2022-12-24 14:55:00,0.33582983238257436,254348.39167796605,-592.2966101694915,7
926,2022-12-24 13:57:00,2022-12-24 14:56:00,0.34503567596143464,254225.67523728817,-591.2610169491526,7
927,2022-12-24 13:58:00,2022-12-24 14:57:00,0.3539440585126284,254093.0793050847,-590.1881355932204,7
928,2022-12-24 13:59:00,2022-12-24 14:58:00,0.3586904526454677,253951.6851355932,-589.0915254237289,7
